


                            [38;2;26;43;21m‘˚‰[38;2;58;91;50m‘˚‰[48;2;116;117;116m[38;2;68;119;56m‘˚‰[48;2;98;98;98m[38;2;86;143;70m‘˚‰[48;2;98;98;98m[38;2;100;153;87m‘˚‰[48;2;63;65;63m[38;2;102;164;86m‘˚‰[48;2;46;49;44m[38;2;98;168;79m‘˚‰[48;2;43;45;43m[38;2;91;155;75m‘˚‰[48;2;61;62;61m[38;2;78;137;63m‘˚‰[48;2;102;101;102m[38;2;64;112;52m‘˚‰[0m[38;2;38;67;32m‘˚‰[38;2;20;35;16m‘˚‰[38;2;10;20;8m‘˚‰[38;2;15;21;13m‘˚‰[0m
                    [38;2;49;80;41m‘˚‰[38;2;73;133;59m‘˚‰[48;2;20;21;20m[38;2;91;163;72m‘˚‰[48;2;14;27;12m[38;2;96;174;76m‘˚‰[48;2;51;92;41m[38;2;98;177;78m‘˚‰[48;2;86;155;68m[38;2;98;177;78m‘˚‰[48;2;96;173;77m[38;2;98;177;78m‘˚‰[48;2;98;177;78m [48;2;98;177;78m [48;2;98;177;78m [48;2;98;177;78m [48;2;98;177;78m [48;2;98;177;78m [48;2;98;177;78m [48;2;98;177;78m [48;2;98;177;78m [48;2;98;177;78m [48;2;98;177;78m [48;2;98;177;78m [48;2;98;177;78m [48;2;98;178;78m[38;2;98;177;78m‘˚‰[48;2;97;175;76m[38;2;98;177;78m‘˚‰[48;2;93;168;74m[38;2;98;177;78m‘˚‰[48;2;99;163;83m[38;2;97;177;77m‘˚‰[48;2;99;151;86m[38;2;98;177;78m‘˚‰[48;2;35;57;29m[38;2;98;176;78m‘˚‰[48;2;19;21;19m[38;2;94;169;75m‘˚‰[0m[38;2;70;125;56m‘˚‰[0m
             [38;2;42;65;36m‘˚‰[38;2;62;106;52m‘˚‰[48;2;94;95;94m[38;2;86;152;70m‘˚‰[48;2;57;72;53m[38;2;96;174;77m‘˚‰[48;2;57;96;47m[38;2;98;177;78m‘˚‰[48;2;78;136;62m[38;2;98;177;78m‘˚‰[48;2;95;167;76m[38;2;98;177;78m‘˚‰[48;2;98;177;78m [48;2;98;177;78m [48;2;98;177;78m [48;2;98;177;78m [48;2;98;177;78m [48;2;98;177;78m [48;2;98;177;78m[38;2;98;176;77m‘˚‰[48;2;98;177;78m[38;2;91;165;72m‘˚‰[48;2;98;177;78m[38;2;76;137;60m‘˚‰[48;2;98;177;78m[38;2;54;97;42m‘˚‰[48;2;99;179;79m[38;2;39;71;30m‘˚‰[48;2;100;181;79m[38;2;35;60;30m‘˚‰[48;2;101;181;81m[38;2;42;66;37m‘˚‰[48;2;100;177;80m[38;2;52;73;45m‘˚‰[48;2;95;175;76m[38;2;47;75;40m‘˚‰[48;2;94;178;73m[38;2;41;75;33m‘˚‰[48;2;98;179;78m[38;2;42;73;34m‘˚‰[48;2;99;180;79m[38;2;40;70;33m‘˚‰[48;2;99;179;78m[38;2;44;75;36m‘˚‰[48;2;97;177;77m[38;2;55;93;46m‘˚‰[48;2;97;176;77m[38;2;65;113;52m‘˚‰[48;2;98;177;78m[38;2;79;141;63m‘˚‰[48;2;98;177;78m[38;2;93;166;75m‘˚‰[48;2;98;177;78m[38;2;99;177;79m‘˚‰[48;2;98;177;78m[38;2;97;177;78m‘˚‰[48;2;98;177;78m[38;2;97;177;78m‘˚‰[48;2;98;177;78m [48;2;98;177;78m [48;2;94;170;75m[38;2;98;177;78m‘˚‰[48;2;71;128;56m[38;2;98;177;78m‘˚‰[48;2;34;56;28m[38;2;97;175;77m‘˚‰[48;2;64;66;64m[38;2;78;140;62m‘˚‰[0m
         [48;2;66;112;54m[38;2;98;177;78m‘˚‰[48;2;80;133;66m[38;2;98;177;78m‘˚‰[48;2;95;162;76m[38;2;98;177;78m‘˚‰[48;2;96;171;76m[38;2;98;177;78m‘˚‰[48;2;98;177;78m [48;2;98;177;78m [48;2;98;177;78m [48;2;98;177;78m [48;2;98;177;78m [48;2;98;177;78m[38;2;98;176;78m‘˚‰[48;2;98;177;78m [48;2;98;177;78m[38;2;97;176;77m‘˚‰[48;2;98;177;78m[38;2;96;174;76m‘˚‰[48;2;98;177;78m[38;2;74;130;59m‘˚‰[48;2;98;176;78m[38;2;32;49;27m‘˚‰[48;2;95;166;76m[38;2;18;29;15m‘˚‰[48;2;73;126;59m[38;2;65;113;53m‘˚‰[48;2;40;62;34m[38;2;107;209;83m‘˚‰[48;2;23;43;19m[38;2;77;220;42m‘˚‰[48;2;32;72;22m[38;2;72;218;36m‘˚‰[48;2;55;155;30m[38;2;73;217;37m‘˚‰[48;2;71;203;38m[38;2;73;217;37m‘˚‰[48;2;79;212;46m[38;2;73;218;37m‘˚‰[48;2;81;216;48m[38;2;73;218;37m‘˚‰[48;2;82;220;48m[38;2;73;218;37m‘˚‰[48;2;79;221;44m[38;2;73;218;37m‘˚‰[48;2;76;219;40m[38;2;73;218;37m‘˚‰[48;2;76;218;40m[38;2;73;218;37m‘˚‰[48;2;75;213;41m[38;2;73;218;37m‘˚‰[48;2;79;203;48m[38;2;73;218;37m‘˚‰[48;2;76;175;52m[38;2;73;218;37m‘˚‰[48;2;52;127;33m[38;2;73;218;37m‘˚‰[48;2;29;75;18m[38;2;73;217;37m‘˚‰[48;2;19;45;12m[38;2;73;218;36m‘˚‰[48;2;45;74;38m[38;2;65;196;33m‘˚‰[48;2;76;127;62m[38;2;44;132;24m‘˚‰[48;2;90;158;72m[38;2;16;45;10m‘˚‰[48;2;97;175;77m[38;2;28;50;22m‘˚‰[48;2;98;177;78m[38;2;80;145;64m‘˚‰[48;2;98;177;78m[38;2;97;175;77m‘˚‰[48;2;98;177;78m[38;2;97;176;77m‘˚‰[48;2;98;177;78m [48;2;98;177;78m[38;2;98;176;78m‘˚‰[48;2;98;177;78m[38;2;98;177;77m‘˚‰[48;2;97;173;78m[38;2;98;177;78m‘˚‰[48;2;69;114;56m[38;2;98;177;78m‘˚‰[48;2;30;38;28m[38;2;103;179;83m‘˚‰[0m[38;2;99;149;87m‘˚‰[0m
         [48;2;98;177;78m[38;2;98;177;77m‘˚‰[48;2;98;177;78m [48;2;98;177;78m [48;2;98;177;78m [48;2;98;177;78m [48;2;98;177;78m[38;2;98;178;78m‘˚‰[48;2;98;177;78m[38;2;98;178;78m‘˚‰[48;2;98;177;78m[38;2;83;150;66m‘˚‰[48;2;98;177;78m[38;2;44;80;34m‘˚‰[48;2;99;179;78m[38;2;33;49;28m‘˚‰[48;2;87;159;69m[38;2;68;97;61m‘˚‰[48;2;46;84;37m[38;2;87;165;68m‘˚‰[48;2;25;37;21m[38;2;83;208;52m‘˚‰[48;2;59;131;42m[38;2;73;219;37m‘˚‰[48;2;74;199;43m[38;2;74;223;37m‘˚‰[48;2;72;213;38m[38;2;67;204;35m‘˚‰[48;2;73;218;37m[38;2;55;171;29m‘˚‰[48;2;72;218;36m[38;2;59;136;22m‘˚‰[48;2;72;218;36m[38;2;103;132;15m‘˚‰[48;2;73;219;37m[38;2;149;133;9m‘˚‰[48;2;72;220;37m[38;2;168;130;7m‘˚‰[48;2;73;220;37m[38;2;167;118;5m‘˚‰[48;2;72;218;37m[38;2;106;78;4m‘˚‰[48;2;69;210;36m[38;2;93;69;4m‘˚‰[48;2;66;199;34m[38;2;173;117;4m‘˚‰[48;2;63;192;32m[38;2;177;119;4m‘˚‰[48;2;62;186;32m[38;2;173;116;4m‘˚‰[48;2;61;186;31m[38;2;176;115;4m‘˚‰[48;2;63;191;32m[38;2;174;115;4m‘˚‰[48;2;67;202;34m[38;2;170;113;4m‘˚‰[48;2;70;213;36m[38;2;180;118;3m‘˚‰[48;2;72;219;37m[38;2;175;117;4m‘˚‰[48;2;73;220;37m[38;2;154;120;7m‘˚‰[48;2;73;220;37m[38;2;80;94;11m‘˚‰[48;2;73;219;37m[38;2;48;93;15m‘˚‰[48;2;73;218;37m[38;2;41;112;19m‘˚‰[48;2;72;215;36m[38;2;45;144;25m‘˚‰[48;2;64;192;32m[38;2;63;191;32m‘˚‰[48;2;32;99;16m[38;2;73;218;37m‘˚‰[48;2;21;41;16m[38;2;72;210;38m‘˚‰[48;2;38;66;30m[38;2;67;177;41m‘˚‰[48;2;79;141;63m[38;2;53;123;36m‘˚‰[48;2;98;178;78m[38;2;32;57;25m‘˚‰[48;2;98;179;77m[38;2;25;46;20m‘˚‰[48;2;97;177;77m[38;2;56;100;46m‘˚‰[48;2;98;177;78m[38;2;93;165;75m‘˚‰[48;2;97;176;77m[38;2;100;181;80m‘˚‰[48;2;98;177;77m[38;2;97;176;76m‘˚‰[48;2;97;176;78m[38;2;98;177;78m‘˚‰[48;2;99;174;79m[38;2;98;177;78m‘˚‰[0m
         [48;2;98;178;78m[38;2;46;76;38m‘˚‰[48;2;100;178;80m[38;2;50;69;45m‘˚‰[48;2;99;176;80m[38;2;35;46;33m‘˚‰[48;2;82;148;65m[38;2;7;9;6m‘˚‰[48;2;64;117;50m[38;2;35;54;30m‘˚‰[48;2;42;77;34m[38;2;52;107;39m‘˚‰[48;2;26;46;21m[38;2;80;194;52m‘˚‰[48;2;34;71;26m[38;2;73;216;38m‘˚‰[48;2;54;133;35m[38;2;67;192;32m‘˚‰[48;2;81;199;52m[38;2;81;158;23m‘˚‰[48;2;80;218;46m[38;2;100;110;11m‘˚‰[48;2;66;199;33m[38;2;152;98;2m‘˚‰[48;2;60;157;26m[38;2;220;129;1m‘˚‰[48;2;80;128;18m[38;2;251;145;0m‘˚‰[48;2;120;110;9m[38;2;255;147;0m‘˚‰[48;2;154;106;4m[38;2;255;147;0m‘˚‰[48;2;181;114;2m[38;2;255;147;0m‘˚‰[48;2;230;134;0m[38;2;255;147;0m‘˚‰[48;2;251;144;0m[38;2;255;147;0m‘˚‰[48;2;254;146;0m[38;2;255;147;0m‘˚‰[48;2;255;147;0m [48;2;163;94;0m[38;2;134;78;0m‘˚‰[48;2;2;1;0m[38;2;58;33;0m‘˚‰[48;2;13;7;0m[38;2;133;76;0m‘˚‰[48;2;64;38;0m[38;2;12;7;0m‘˚‰[48;2;250;144;0m[38;2;234;135;0m‘˚‰[48;2;255;147;0m [48;2;255;147;0m [48;2;255;147;0m [48;2;255;147;0m [48;2;255;147;0m [48;2;255;147;0m [48;2;255;147;0m [48;2;249;146;0m[38;2;255;147;0m‘˚‰[48;2;239;143;2m[38;2;255;147;0m‘˚‰[48;2;223;131;1m[38;2;255;147;0m‘˚‰[48;2;192;120;2m[38;2;255;147;0m‘˚‰[48;2;130;96;5m[38;2;255;147;0m‘˚‰[48;2;82;88;9m[38;2;255;148;0m‘˚‰[48;2;62;104;15m[38;2;247;147;1m‘˚‰[48;2;49;132;22m[38;2;212;134;3m‘˚‰[48;2;57;165;32m[38;2;144;95;3m‘˚‰[48;2;53;117;38m[38;2;74;61;8m‘˚‰[48;2;50;97;39m[38;2;47;60;21m‘˚‰[48;2;35;56;29m[38;2;47;81;33m‘˚‰[48;2;17;22;15m[38;2;20;34;19m‘˚‰[48;2;31;50;26m[38;2;48;73;42m‘˚‰[48;2;55;90;47m[38;2;37;56;33m‘˚‰[48;2;78;132;64m[38;2;21;31;18m‘˚‰[48;2;95;167;78m[38;2;18;26;16m‘˚‰[0m
         [48;2;48;74;43m[38;2;51;78;45m‘˚‰[48;2;48;74;43m[38;2;50;76;44m‘˚‰[48;2;46;71;42m[38;2;12;17;11m‘˚‰[48;2;32;54;28m[38;2;45;93;35m‘˚‰[48;2;58;112;46m[38;2;26;45;17m‘˚‰[48;2;55;130;37m[38;2;121;83;5m‘˚‰[48;2;57;133;27m[38;2;232;138;0m‘˚‰[48;2;101;96;8m[38;2;253;146;0m‘˚‰[48;2;200;118;1m[38;2;254;147;0m‘˚‰[48;2;248;144;0m[38;2;255;147;0m‘˚‰[48;2;254;147;0m[38;2;255;147;0m‘˚‰[48;2;255;147;0m [48;2;255;147;0m [48;2;255;147;0m [48;2;255;147;0m [48;2;255;147;0m [48;2;255;147;0m [48;2;255;147;0m [48;2;255;147;0m [48;2;255;147;0m [48;2;255;147;0m [48;2;173;100;0m[38;2;210;122;0m‘˚‰[48;2;172;100;0m[38;2;76;44;0m‘˚‰[48;2;214;123;0m[38;2;153;88;0m‘˚‰[48;2;36;21;0m[38;2;162;94;0m‘˚‰[48;2;201;116;0m[38;2;20;12;0m‘˚‰[48;2;254;147;0m[38;2;238;137;0m‘˚‰[48;2;255;147;0m [48;2;255;147;0m [48;2;255;147;0m [48;2;255;147;0m [48;2;255;147;0m [48;2;255;147;0m [48;2;255;147;0m [48;2;255;147;0m [48;2;255;147;0m [48;2;255;147;0m [48;2;255;147;0m [48;2;255;147;0m [48;2;255;147;0m [48;2;255;147;0m [48;2;255;147;0m [48;2;254;147;0m[38;2;255;147;0m‘˚‰[48;2;241;143;1m[38;2;255;147;0m‘˚‰[48;2;213;125;0m[38;2;255;147;0m‘˚‰[48;2;117;73;3m[38;2;252;147;1m‘˚‰[48;2;25;36;21m[38;2;94;69;18m‘˚‰[48;2;50;77;44m[38;2;39;59;33m‘˚‰[48;2;51;78;45m [48;2;51;78;44m[38;2;51;78;45m‘˚‰[0m
         [48;2;51;78;45m[38;2;50;76;44m‘˚‰[48;2;40;58;34m[38;2;43;36;13m‘˚‰[48;2;38;37;6m[38;2;240;143;2m‘˚‰[48;2;149;95;6m[38;2;254;147;0m‘˚‰[48;2;226;134;1m[38;2;255;147;0m‘˚‰[48;2;253;146;0m[38;2;255;147;0m‘˚‰[48;2;255;147;0m [48;2;255;147;0m [48;2;255;147;0m [48;2;255;147;0m [48;2;255;147;0m [48;2;255;147;0m [48;2;255;147;0m [48;2;255;147;0m [48;2;255;147;0m [48;2;255;147;0m [48;2;255;147;0m [48;2;255;147;0m [48;2;255;147;0m [48;2;255;147;0m [48;2;255;147;0m[38;2;243;140;0m‘˚‰[48;2;116;67;0m[38;2;90;52;0m‘˚‰[48;2;237;137;0m[38;2;254;147;0m‘˚‰[48;2;248;143;0m[38;2;255;147;0m‘˚‰[48;2;250;144;0m[38;2;255;147;0m‘˚‰[48;2;45;25;0m[38;2;191;110;0m‘˚‰[48;2;64;36;0m[38;2;32;18;0m‘˚‰[48;2;245;141;0m[38;2;152;87;0m‘˚‰[48;2;255;147;0m [48;2;255;147;0m [48;2;255;147;0m [48;2;255;147;0m [48;2;255;147;0m [48;2;255;147;0m [48;2;255;147;0m [48;2;255;147;0m [48;2;255;147;0m [48;2;255;147;0m [48;2;255;147;0m [48;2;255;147;0m [48;2;255;147;0m [48;2;255;147;0m [48;2;255;147;0m [48;2;255;147;0m [48;2;255;147;0m [48;2;254;147;0m[38;2;255;147;0m‘˚‰[48;2;230;140;6m[38;2;254;147;0m‘˚‰[48;2;25;21;7m[38;2;143;86;2m‘˚‰[48;2;48;74;42m[38;2;39;60;34m‘˚‰[48;2;51;78;45m [0m
         [48;2;41;63;37m[38;2;40;47;23m‘˚‰[48;2;119;70;1m[38;2;230;135;0m‘˚‰[48;2;255;147;0m [48;2;255;147;0m [48;2;255;147;0m [48;2;255;147;0m [48;2;255;147;0m [48;2;255;147;0m [48;2;255;147;0m [48;2;255;147;0m [48;2;255;147;0m [48;2;255;147;0m [48;2;255;147;0m [48;2;255;147;0m [48;2;255;147;0m [48;2;255;147;0m [48;2;255;147;0m [48;2;255;147;0m [48;2;255;147;0m [48;2;255;147;0m [48;2;180;104;0m[38;2;120;68;0m‘˚‰[48;2;135;78;0m[38;2;158;91;0m‘˚‰[48;2;255;147;0m[38;2;250;145;0m‘˚‰[48;2;255;147;0m [48;2;255;147;0m[38;2;254;146;0m‘˚‰[48;2;252;145;0m[38;2;209;120;0m‘˚‰[48;2;54;31;0m[38;2;61;35;0m‘˚‰[48;2;94;54;0m[38;2;159;91;0m‘˚‰[48;2;254;146;0m[38;2;244;140;0m‘˚‰[48;2;255;147;0m [48;2;255;147;0m [48;2;255;147;0m [48;2;255;147;0m [48;2;255;147;0m [48;2;255;147;0m [48;2;255;147;0m [48;2;255;147;0m [48;2;255;147;0m [48;2;255;147;0m [48;2;255;147;0m [48;2;255;147;0m [48;2;255;147;0m [48;2;255;147;0m [48;2;255;147;0m [48;2;255;147;0m [48;2;255;147;0m [48;2;255;147;0m [48;2;240;144;1m[38;2;255;147;0m‘˚‰[48;2;36;40;18m[38;2;70;49;6m‘˚‰[48;2;50;78;45m[38;2;45;69;40m‘˚‰[0m
         [48;2;65;48;9m[38;2;98;64;6m‘˚‰[48;2;255;149;0m[38;2;255;147;0m‘˚‰[48;2;255;147;0m [48;2;255;147;0m [48;2;255;147;0m [48;2;255;147;0m [48;2;255;147;0m [48;2;255;147;0m [48;2;255;147;0m [48;2;255;147;0m [48;2;255;147;0m [48;2;255;147;0m [48;2;255;147;0m [48;2;255;147;0m [48;2;255;147;0m [48;2;255;147;0m [48;2;255;147;0m [48;2;255;147;0m [48;2;254;147;0m[38;2;254;146;0m‘˚‰[48;2;225;130;0m[38;2;175;100;0m‘˚‰[48;2;210;120;0m[38;2;253;146;0m‘˚‰[48;2;209;121;0m[38;2;254;147;0m‘˚‰[48;2;86;49;0m[38;2;189;109;0m‘˚‰[48;2;254;146;0m[38;2;142;81;0m‘˚‰[48;2;255;147;0m[38;2;102;59;0m‘˚‰[48;2;199;115;0m[38;2;69;40;0m‘˚‰[48;2;244;141;0m[38;2;238;138;0m‘˚‰[48;2;253;146;0m[38;2;184;105;0m‘˚‰[48;2;200;115;0m[38;2;231;134;0m‘˚‰[48;2;253;147;0m[38;2;254;146;0m‘˚‰[48;2;255;147;0m [48;2;255;147;0m [48;2;255;147;0m [48;2;255;147;0m [48;2;255;147;0m [48;2;255;147;0m [48;2;255;147;0m [48;2;255;147;0m [48;2;255;147;0m [48;2;255;147;0m [48;2;255;147;0m [48;2;255;147;0m [48;2;255;147;0m [48;2;255;147;0m [48;2;255;147;0m [48;2;255;147;0m [48;2;255;147;0m [48;2;255;147;0m [48;2;149;98;7m[38;2;215;132;5m‘˚‰[48;2;35;54;32m[38;2;31;42;22m‘˚‰[0m
         [48;2;133;82;3m[38;2;153;89;0m‘˚‰[48;2;255;147;0m [48;2;255;147;0m [48;2;255;147;0m [48;2;255;147;0m [48;2;255;147;0m [48;2;255;147;0m [48;2;255;147;0m [48;2;255;147;0m [48;2;255;147;0m [48;2;255;147;0m [48;2;255;147;0m [48;2;255;147;0m [48;2;255;147;0m[38;2;255;146;0m‘˚‰[48;2;255;147;0m[38;2;255;146;0m‘˚‰[48;2;255;147;0m [48;2;255;147;0m[38;2;254;148;0m‘˚‰[48;2;255;147;0m[38;2;248;147;0m‘˚‰[48;2;254;147;0m[38;2;242;142;0m‘˚‰[48;2;204;116;0m[38;2;224;131;0m‘˚‰[48;2;200;115;0m[38;2;205;124;1m‘˚‰[48;2;199;115;0m[38;2;175;109;2m‘˚‰[48;2;172;100;0m[38;2;157;102;2m‘˚‰[48;2;168;97;0m[38;2;172;114;3m‘˚‰[48;2;206;119;0m[38;2;156;115;5m‘˚‰[48;2;215;125;0m[38;2;138;111;7m‘˚‰[48;2;180;105;0m[38;2;121;105;8m‘˚‰[48;2;233;136;0m[38;2;120;109;8m‘˚‰[48;2;254;148;0m[38;2;116;111;9m‘˚‰[48;2;254;148;0m[38;2;112;111;10m‘˚‰[48;2;255;148;0m[38;2;130;121;10m‘˚‰[48;2;254;148;0m[38;2;103;105;10m‘˚‰[48;2;254;148;0m[38;2;99;99;9m‘˚‰[48;2;254;148;0m[38;2;106;98;8m‘˚‰[48;2;254;148;0m[38;2;106;96;8m‘˚‰[48;2;255;148;0m[38;2;118;98;7m‘˚‰[48;2;255;147;0m[38;2;123;101;7m‘˚‰[48;2;255;147;0m[38;2;129;99;6m‘˚‰[48;2;255;147;0m[38;2;141;100;5m‘˚‰[48;2;255;147;0m[38;2;166;111;4m‘˚‰[48;2;255;147;0m[38;2;189;122;4m‘˚‰[48;2;255;147;0m[38;2;217;131;1m‘˚‰[48;2;255;147;0m[38;2;248;145;0m‘˚‰[48;2;255;147;0m[38;2;250;148;0m‘˚‰[48;2;255;147;0m[38;2;254;149;0m‘˚‰[48;2;255;147;0m [48;2;255;147;0m [48;2;255;147;0m [48;2;249;147;1m[38;2;254;147;0m‘˚‰[48;2;47;44;15m[38;2;81;54;7m‘˚‰[0m
         [48;2;163;95;0m[38;2;176;103;0m‘˚‰[48;2;255;147;0m [48;2;255;147;0m [48;2;255;147;0m [48;2;255;147;0m [48;2;255;147;0m [48;2;255;147;0m [48;2;255;147;0m[38;2;254;147;0m‘˚‰[48;2;255;147;0m[38;2;250;144;0m‘˚‰[48;2;255;147;0m[38;2;238;146;1m‘˚‰[48;2;254;147;0m[38;2;170;117;4m‘˚‰[48;2;252;147;0m[38;2;78;65;5m‘˚‰[48;2;239;144;1m[38;2;36;71;11m‘˚‰[48;2;220;136;2m[38;2;41;122;21m‘˚‰[48;2;193;124;2m[38;2;59;179;31m‘˚‰[48;2;178;119;4m[38;2;69;210;35m‘˚‰[48;2;129;104;6m[38;2;73;219;37m‘˚‰[48;2;67;87;10m[38;2;73;219;37m‘˚‰[48;2;61;106;15m[38;2;73;218;37m‘˚‰[48;2;52;126;21m[38;2;73;218;37m‘˚‰[48;2;52;150;25m[38;2;73;218;37m‘˚‰[48;2;58;177;30m[38;2;73;218;37m‘˚‰[48;2;63;194;33m[38;2;73;218;37m‘˚‰[48;2;66;204;34m[38;2;73;218;37m‘˚‰[48;2;69;212;36m[38;2;73;218;37m‘˚‰[48;2;72;217;36m[38;2;73;218;37m‘˚‰[48;2;72;219;37m[38;2;73;218;37m‘˚‰[48;2;73;220;37m[38;2;73;218;37m‘˚‰[48;2;73;220;37m[38;2;73;218;37m‘˚‰[48;2;73;220;37m[38;2;73;218;37m‘˚‰[48;2;73;220;37m[38;2;73;218;37m‘˚‰[48;2;73;220;37m[38;2;73;218;37m‘˚‰[48;2;74;220;37m[38;2;73;218;37m‘˚‰[48;2;73;220;37m[38;2;73;218;37m‘˚‰[48;2;73;219;37m[38;2;73;218;37m‘˚‰[48;2;72;214;36m[38;2;73;218;37m‘˚‰[48;2;68;207;35m[38;2;73;218;37m‘˚‰[48;2;65;197;34m[38;2;73;218;37m‘˚‰[48;2;61;185;32m[38;2;73;218;37m‘˚‰[48;2;51;157;27m[38;2;73;218;37m‘˚‰[48;2;41;125;21m[38;2;73;218;37m‘˚‰[48;2;40;106;18m[38;2;73;218;37m‘˚‰[48;2;75;92;10m[38;2;73;218;37m‘˚‰[48;2;76;85;10m[38;2;73;219;37m‘˚‰[48;2;112;94;7m[38;2;72;216;36m‘˚‰[48;2;162;113;5m[38;2;64;194;33m‘˚‰[48;2;219;131;0m[38;2;50;152;26m‘˚‰[48;2;231;138;1m[38;2;30;65;14m‘˚‰[48;2;252;147;0m[38;2;106;71;5m‘˚‰[48;2;97;61;4m[38;2;30;31;7m‘˚‰[0m
         [48;2;186;108;0m[38;2;185;108;0m‘˚‰[48;2;255;147;0m[38;2;254;148;0m‘˚‰[48;2;255;147;0m[38;2;247;144;0m‘˚‰[48;2;255;147;0m[38;2;188;113;1m‘˚‰[48;2;255;147;0m[38;2;110;100;8m‘˚‰[48;2;248;147;0m[38;2;72;136;20m‘˚‰[48;2;206;124;1m[38;2;62;175;29m‘˚‰[48;2;115;81;4m[38;2;67;204;34m‘˚‰[48;2;55;92;13m[38;2;72;217;36m‘˚‰[48;2;60;157;26m[38;2;73;218;37m‘˚‰[48;2;66;195;32m[38;2;73;218;37m‘˚‰[48;2;70;212;35m[38;2;73;218;37m‘˚‰[48;2;72;215;36m[38;2;73;218;37m‘˚‰[48;2;73;217;36m[38;2;73;218;37m‘˚‰[48;2;73;218;37m [48;2;73;218;37m [48;2;73;218;37m [48;2;73;218;37m [48;2;73;218;37m [48;2;73;218;37m [48;2;73;218;37m [48;2;73;218;37m [48;2;73;218;37m [48;2;73;218;37m [48;2;73;218;37m [48;2;73;218;37m [48;2;73;218;37m [48;2;73;218;37m [48;2;73;218;37m [48;2;73;218;37m [48;2;73;218;37m [48;2;73;218;37m [48;2;73;218;37m [48;2;73;218;37m [48;2;73;218;37m [48;2;73;218;37m [48;2;73;218;37m [48;2;73;218;37m [48;2;73;218;37m [48;2;73;218;37m [48;2;73;218;37m [48;2;73;218;37m [48;2;73;218;37m [48;2;73;218;37m [48;2;73;218;37m [48;2;73;218;37m [48;2;71;210;37m[38;2;71;214;37m‘˚‰[48;2;58;142;37m[38;2;57;136;37m‘˚‰[48;2;51;109;39m[38;2;54;109;40m‘˚‰[48;2;36;76;26m[38;2;38;71;31m‘˚‰[0m
         [48;2;73;63;12m[38;2;24;46;20m‘˚‰[48;2;89;67;7m[38;2;54;120;38m‘˚‰[48;2;67;119;19m[38;2;66;192;35m‘˚‰[48;2;61;177;29m[38;2;73;217;37m‘˚‰[48;2;71;213;36m[38;2;73;218;37m‘˚‰[48;2;73;218;37m [48;2;73;218;37m [48;2;71;214;35m[38;2;42;129;21m‘˚‰[48;2;43;131;22m[38;2;4;10;2m‘˚‰[48;2;37;111;19m[38;2;4;10;2m‘˚‰[48;2;60;180;30m[38;2;7;22;3m‘˚‰[48;2;73;218;37m[38;2;62;187;31m‘˚‰[48;2;73;218;37m [48;2;73;218;37m [48;2;73;218;37m [48;2;73;218;37m [48;2;73;218;37m [48;2;73;218;37m [48;2;73;218;37m [48;2;73;218;37m [48;2;73;218;37m [48;2;73;218;37m [48;2;73;218;37m [48;2;73;218;37m [48;2;73;218;37m [48;2;73;218;37m [48;2;73;218;37m [48;2;73;218;37m [48;2;73;218;37m [48;2;73;218;37m [48;2;73;218;37m [48;2;73;218;37m [48;2;73;218;37m [48;2;73;218;37m [48;2;73;218;37m [48;2;73;218;37m[38;2;72;217;36m‘˚‰[48;2;69;208;35m[38;2;20;61;10m‘˚‰[48;2;43;129;22m[38;2;4;11;2m‘˚‰[48;2;38;116;19m[38;2;3;8;1m‘˚‰[48;2;64;192;32m[38;2;19;57;10m‘˚‰[48;2;73;218;37m[38;2;73;219;37m‘˚‰[48;2;73;218;37m [48;2;73;218;37m [48;2;73;218;37m [48;2;73;218;37m [48;2;73;218;37m [48;2;72;214;36m[38;2;71;213;36m‘˚‰[48;2;55;130;37m[38;2;55;123;38m‘˚‰[48;2;54;108;41m[38;2;56;110;44m‘˚‰[48;2;35;60;30m[38;2;35;57;30m‘˚‰[0m
         [48;2;37;68;29m[38;2;38;61;33m‘˚‰[48;2;58;132;39m[38;2;62;134;45m‘˚‰[48;2;64;179;36m[38;2;55;129;37m‘˚‰[48;2;72;217;36m[38;2;71;210;36m‘˚‰[48;2;73;218;37m [48;2;73;218;37m [48;2;73;218;37m [48;2;27;82;14m[38;2;59;178;30m‘˚‰[48;2;4;11;3m[38;2;3;9;1m‘˚‰[48;2;0;0;0m[38;2;8;18;4m‘˚‰[48;2;1;3;1m[38;2;4;12;2m‘˚‰[48;2;36;112;19m[38;2;54;163;27m‘˚‰[48;2;73;218;37m [48;2;73;218;37m [48;2;73;218;37m [48;2;73;218;37m [48;2;73;218;37m [48;2;73;218;37m [48;2;73;218;37m [48;2;73;218;37m [48;2;73;218;37m [48;2;73;218;37m [48;2;73;218;37m [48;2;73;218;37m [48;2;73;218;37m [48;2;73;218;37m [48;2;73;218;37m [48;2;73;218;37m [48;2;73;218;37m [48;2;73;218;37m [48;2;73;218;37m [48;2;73;218;37m [48;2;73;218;37m [48;2;73;218;37m [48;2;73;218;37m [48;2;70;210;36m[38;2;72;217;36m‘˚‰[48;2;4;11;1m[38;2;9;28;4m‘˚‰[48;2;0;0;0m[38;2;6;16;3m‘˚‰[48;2;1;3;1m[38;2;6;15;3m‘˚‰[48;2;13;39;6m[38;2;32;94;15m‘˚‰[48;2;73;218;37m [48;2;73;218;37m [48;2;73;218;37m [48;2;73;218;37m [48;2;73;218;37m [48;2;73;218;37m [48;2;70;207;36m[38;2;67;196;36m‘˚‰[48;2;52;110;38m [48;2;57;101;47m[38;2;56;90;47m‘˚‰[48;2;36;55;31m[38;2;38;58;33m‘˚‰[0m
         [48;2;40;63;35m[38;2;43;67;38m‘˚‰[48;2;61;117;48m[38;2;45;80;38m‘˚‰[48;2;54;114;39m[38;2;52;110;38m‘˚‰[48;2;64;177;36m[38;2;59;150;37m‘˚‰[48;2;72;217;36m[38;2;72;214;36m‘˚‰[48;2;73;218;37m [48;2;73;218;37m [48;2;72;217;36m[38;2;73;218;37m‘˚‰[48;2;61;182;30m[38;2;73;218;37m‘˚‰[48;2;45;135;22m[38;2;73;218;37m‘˚‰[48;2;58;174;29m[38;2;73;218;37m‘˚‰[48;2;72;217;36m[38;2;73;218;37m‘˚‰[48;2;73;218;37m [48;2;73;218;37m [48;2;73;218;37m [48;2;73;218;37m [48;2;73;218;37m [48;2;73;218;37m [48;2;73;218;37m [48;2;73;218;37m [48;2;71;212;35m[38;2;72;216;36m‘˚‰[48;2;34;101;17m[38;2;11;32;5m‘˚‰[48;2;34;101;17m[38;2;1;2;1m‘˚‰[48;2;34;98;18m[38;2;1;3;1m‘˚‰[48;2;35;101;18m[38;2;1;1;1m‘˚‰[48;2;35;100;17m[38;2;1;3;1m‘˚‰[48;2;57;170;29m[38;2;56;168;28m‘˚‰[48;2;73;218;37m [48;2;73;218;37m [48;2;73;218;37m [48;2;73;218;37m [48;2;73;218;37m [48;2;73;218;37m [48;2;73;218;37m [48;2;73;218;37m [48;2;72;217;36m[38;2;72;218;36m‘˚‰[48;2;66;197;33m[38;2;72;217;36m‘˚‰[48;2;46;139;23m[38;2;73;217;37m‘˚‰[48;2;54;163;27m[38;2;72;217;37m‘˚‰[48;2;71;212;36m[38;2;72;217;36m‘˚‰[48;2;73;218;37m [48;2;73;218;37m [48;2;73;218;37m [48;2;73;218;37m [48;2;73;218;37m [48;2;72;217;37m[38;2;70;204;36m‘˚‰[48;2;60;158;37m[38;2;53;122;37m‘˚‰[48;2;52;103;38m[38;2;52;104;40m‘˚‰[48;2;33;54;28m[38;2;21;34;18m‘˚‰[48;2;46;70;41m[38;2;49;76;44m‘˚‰[0m
         [48;2;49;76;44m[38;2;51;78;45m‘˚‰[48;2;32;51;28m[38;2;43;65;37m‘˚‰[48;2;61;125;45m[38;2;81;124;71m‘˚‰[48;2;54;124;38m[38;2;53;113;40m‘˚‰[48;2;68;202;36m[38;2;60;156;37m‘˚‰[48;2;73;218;37m[38;2;72;215;36m‘˚‰[48;2;73;218;37m [48;2;73;218;37m [48;2;73;218;37m[38;2;73;216;37m‘˚‰[48;2;73;217;37m[38;2;93;205;61m‘˚‰[48;2;79;213;44m[38;2;121;189;95m‘˚‰[48;2;85;210;51m[38;2;132;184;108m‘˚‰[48;2;82;211;47m[38;2;121;191;93m‘˚‰[48;2;73;217;37m[38;2;85;210;52m‘˚‰[48;2;73;218;37m[38;2;73;217;37m‘˚‰[48;2;73;218;37m [48;2;73;218;37m [48;2;73;218;37m [48;2;73;218;37m [48;2;73;218;37m [48;2;73;218;37m [48;2;37;111;20m[38;2;71;214;36m‘˚‰[48;2;1;2;0m[38;2;44;128;22m‘˚‰[48;2;2;4;2m[38;2;15;39;8m‘˚‰[48;2;1;1;1m[38;2;29;82;14m‘˚‰[48;2;13;37;7m[38;2;68;204;34m‘˚‰[48;2;70;210;35m[38;2;73;218;37m‘˚‰[48;2;73;217;37m[38;2;73;218;37m‘˚‰[48;2;73;218;37m [48;2;73;218;37m [48;2;73;218;37m [48;2;73;218;37m [48;2;73;218;37m [48;2;73;218;37m [48;2;73;217;37m[38;2;74;216;38m‘˚‰[48;2;82;211;47m[38;2;118;191;90m‘˚‰[48;2;100;200;70m[38;2;132;185;108m‘˚‰[48;2;103;201;72m[38;2;127;187;101m‘˚‰[48;2;98;203;67m[38;2;125;189;100m‘˚‰[48;2;85;209;52m[38;2;116;192;88m‘˚‰[48;2;73;217;37m[38;2;80;211;44m‘˚‰[48;2;73;218;37m [48;2;73;218;37m [48;2;73;218;37m [48;2;72;217;36m[38;2;68;200;35m‘˚‰[48;2;63;170;35m[38;2;54;125;36m‘˚‰[48;2;51;103;38m[38;2;51;99;38m‘˚‰[48;2;49;101;36m[38;2;22;45;17m‘˚‰[48;2;30;47;26m[38;2;45;69;39m‘˚‰[48;2;51;78;45m [0m
         [48;2;51;78;45m [48;2;49;75;43m[38;2;51;78;45m‘˚‰[48;2;30;38;27m[38;2;39;59;35m‘˚‰[48;2;63;123;49m[38;2;71;110;62m‘˚‰[48;2;54;121;37m[38;2;56;119;40m‘˚‰[48;2;68;198;37m[38;2;60;158;37m‘˚‰[48;2;73;218;37m[38;2;71;216;36m‘˚‰[48;2;73;217;37m[38;2;73;216;38m‘˚‰[48;2;91;206;58m[38;2;110;196;81m‘˚‰[48;2;122;191;95m[38;2;126;188;100m‘˚‰[48;2;128;186;102m[38;2;130;187;104m‘˚‰[48;2;140;180;116m[38;2;128;187;103m‘˚‰[48;2;126;188;100m[38;2;106;197;76m‘˚‰[48;2;96;202;64m[38;2;75;215;39m‘˚‰[48;2;73;217;37m[38;2;72;218;36m‘˚‰[48;2;73;218;37m [48;2;73;218;37m [48;2;73;218;37m [48;2;73;218;37m [48;2;73;218;37m [48;2;73;218;37m [48;2;73;218;37m [48;2;73;218;37m [48;2;74;220;37m[38;2;73;218;37m‘˚‰[48;2;73;218;37m [48;2;73;218;37m [48;2;73;218;37m [48;2;73;218;37m [48;2;73;218;37m [48;2;73;218;37m [48;2;73;218;37m [48;2;73;218;37m [48;2;73;218;37m [48;2;73;218;37m [48;2;74;217;38m[38;2;73;217;37m‘˚‰[48;2;114;194;86m[38;2;76;215;40m‘˚‰[48;2;142;178;121m[38;2;94;205;62m‘˚‰[48;2;150;176;129m[38;2;109;196;81m‘˚‰[48;2;142;180;120m[38;2;95;203;63m‘˚‰[48;2;116;193;88m[38;2;76;214;41m‘˚‰[48;2;78;213;44m[38;2;73;217;37m‘˚‰[48;2;73;218;37m[38;2;73;217;37m‘˚‰[48;2;73;218;37m[38;2;67;196;36m‘˚‰[48;2;71;209;37m[38;2;60;154;36m‘˚‰[48;2;59;152;36m[38;2;57;138;37m‘˚‰[48;2;52;110;38m[38;2;56;130;37m‘˚‰[48;2;51;104;38m[38;2;30;71;21m‘˚‰[48;2;20;31;17m[38;2;45;69;39m‘˚‰[48;2;50;78;44m[38;2;51;78;45m‘˚‰[48;2;51;78;45m [0m
         [48;2;51;78;45m[38;2;28;43;24m‘˚‰[48;2;51;78;45m[38;2;43;64;38m‘˚‰[48;2;51;78;45m[38;2;52;79;46m‘˚‰[48;2;34;53;30m[38;2;46;71;41m‘˚‰[48;2;64;124;48m[38;2;49;106;36m‘˚‰[48;2;53;115;38m[38;2;57;124;40m‘˚‰[48;2;63;175;36m[38;2;55;126;38m‘˚‰[48;2;73;217;37m[38;2;66;186;36m‘˚‰[48;2;89;208;56m[38;2;73;217;37m‘˚‰[48;2;111;195;82m[38;2;75;215;40m‘˚‰[48;2;109;197;80m[38;2;74;216;38m‘˚‰[48;2;85;209;52m[38;2;73;218;36m‘˚‰[48;2;73;216;37m[38;2;73;218;37m‘˚‰[48;2;73;218;37m [48;2;73;218;37m [48;2;73;218;37m [48;2;73;218;37m [48;2;73;218;37m [48;2;73;218;37m [48;2;73;218;37m [48;2;73;218;37m [48;2;73;218;37m [48;2;73;218;37m [48;2;73;218;37m [48;2;73;218;37m [48;2;73;218;37m [48;2;73;218;37m [48;2;73;218;37m [48;2;73;218;37m [48;2;73;218;37m [48;2;73;218;37m [48;2;73;218;37m [48;2;73;218;37m [48;2;73;218;37m [48;2;73;218;37m [48;2;73;218;37m [48;2;73;217;37m[38;2;73;218;37m‘˚‰[48;2;73;217;37m[38;2;73;218;37m‘˚‰[48;2;73;217;36m[38;2;73;218;37m‘˚‰[48;2;73;218;37m[38;2;71;214;36m‘˚‰[48;2;71;212;36m[38;2;63;172;36m‘˚‰[48;2;63;174;35m[38;2;57;138;37m‘˚‰[48;2;58;146;36m[38;2;57;137;38m‘˚‰[48;2;58;139;37m[38;2;57;138;37m‘˚‰[48;2;58;138;37m[38;2;54;128;35m‘˚‰[48;2;50;117;34m[38;2;20;44;14m‘˚‰[48;2;20;32;17m[38;2;39;61;34m‘˚‰[48;2;51;77;44m[38;2;45;69;40m‘˚‰[48;2;51;78;45m[38;2;45;69;40m‘˚‰[48;2;51;78;45m[38;2;49;75;43m‘˚‰[0m
         [48;2;84;151;67m[38;2;98;177;78m‘˚‰[48;2;43;80;34m[38;2;98;177;78m‘˚‰[48;2;22;39;19m[38;2;98;178;78m‘˚‰[48;2;43;67;38m[38;2;81;148;64m‘˚‰[48;2;40;70;33m[38;2;44;78;36m‘˚‰[48;2;54;127;36m[38;2;21;47;15m‘˚‰[48;2;55;120;39m[38;2;54;117;39m‘˚‰[48;2;56;133;37m[38;2;59;133;40m‘˚‰[48;2;71;211;36m[38;2;61;164;37m‘˚‰[48;2;73;217;36m[38;2;71;211;36m‘˚‰[48;2;73;218;37m[38;2;72;218;36m‘˚‰[48;2;73;218;37m [48;2;73;218;37m [48;2;73;218;37m [48;2;73;218;37m [48;2;73;218;37m [48;2;73;218;37m [48;2;73;218;37m [48;2;73;218;37m [48;2;73;218;37m [48;2;73;218;37m [48;2;73;218;37m [48;2;73;218;37m [48;2;73;218;37m [48;2;73;218;37m [48;2;73;218;37m [48;2;73;218;37m [48;2;73;218;37m [48;2;73;218;37m [48;2;73;218;37m [48;2;73;218;37m [48;2;73;218;37m [48;2;73;218;37m [48;2;73;218;37m [48;2;73;218;37m [48;2;73;218;37m [48;2;73;218;37m[38;2;73;217;37m‘˚‰[48;2;73;218;37m[38;2;72;217;36m‘˚‰[48;2;73;218;37m[38;2;67;203;34m‘˚‰[48;2;68;194;37m[38;2;40;116;21m‘˚‰[48;2;58;142;36m[38;2;8;21;5m‘˚‰[48;2;49;120;31m[38;2;6;10;5m‘˚‰[48;2;25;59;16m[38;2;73;108;65m‘˚‰[48;2;15;33;11m[38;2;95;157;79m‘˚‰[48;2;12;25;9m[38;2;97;175;77m‘˚‰[48;2;21;32;19m[38;2;99;179;79m‘˚‰[48;2;23;35;19m[38;2;98;178;78m‘˚‰[48;2;20;34;17m[38;2;98;178;78m‘˚‰[48;2;13;24;11m[38;2;98;178;78m‘˚‰[48;2;16;26;14m[38;2;98;177;78m‘˚‰[0m
         [48;2;97;176;77m[38;2;58;103;46m‘˚‰[48;2;98;177;78m[38;2;94;170;75m‘˚‰[48;2;98;177;78m[38;2;99;179;79m‘˚‰[48;2;98;177;78m[38;2;97;176;77m‘˚‰[48;2;97;176;77m[38;2;98;177;78m‘˚‰[48;2;91;165;72m[38;2;98;177;78m‘˚‰[48;2;55;100;44m[38;2;98;177;78m‘˚‰[48;2;15;27;10m[38;2;92;168;73m‘˚‰[48;2;24;46;18m[38;2;76;138;61m‘˚‰[48;2;73;154;53m[38;2;54;96;43m‘˚‰[48;2;74;213;39m[38;2;24;48;18m‘˚‰[48;2;74;222;37m[38;2;20;55;11m‘˚‰[48;2;73;217;37m[38;2;31;91;16m‘˚‰[48;2;73;218;37m[38;2;49;145;24m‘˚‰[48;2;73;218;37m[38;2;68;201;35m‘˚‰[48;2;73;218;37m[38;2;73;217;37m‘˚‰[48;2;73;218;37m[38;2;74;220;37m‘˚‰[48;2;73;218;37m[38;2;73;219;37m‘˚‰[48;2;73;218;37m [48;2;73;218;37m [48;2;73;218;37m [48;2;73;218;37m [48;2;73;218;37m [48;2;73;218;37m [48;2;73;218;37m [48;2;73;218;37m [48;2;73;218;37m [48;2;73;218;37m [48;2;73;218;37m [48;2;73;218;37m [48;2;73;218;37m[38;2;73;220;37m‘˚‰[48;2;73;218;37m[38;2;72;214;37m‘˚‰[48;2;73;218;37m[38;2;63;187;32m‘˚‰[48;2;72;217;36m[38;2;41;120;22m‘˚‰[48;2;74;222;36m[38;2;21;52;13m‘˚‰[48;2;67;203;34m[38;2;39;62;34m‘˚‰[48;2;40;117;21m[38;2;64;103;54m‘˚‰[48;2;14;43;7m[38;2;72;126;57m‘˚‰[48;2;4;12;2m[38;2;87;156;69m‘˚‰[48;2;25;45;21m[38;2;97;174;78m‘˚‰[48;2;71;124;57m[38;2;99;177;80m‘˚‰[48;2;97;168;78m[38;2;94;170;75m‘˚‰[48;2;96;175;77m[38;2;103;177;84m‘˚‰[48;2;98;176;79m[38;2;109;183;90m‘˚‰[48;2;100;178;80m[38;2;112;185;94m‘˚‰[48;2;100;177;80m[38;2;111;184;92m‘˚‰[48;2;99;177;80m[38;2;107;182;89m‘˚‰[48;2;98;177;78m[38;2;105;182;85m‘˚‰[48;2;98;177;78m[38;2;103;180;83m‘˚‰[48;2;98;177;78m[38;2;99;177;79m‘˚‰[0m
          [38;2;54;79;47m‘˚«[38;2;72;123;60m‘˚«[48;2;97;176;78m[38;2;65;87;60m‘˚‰[48;2;98;177;78m[38;2;73;130;59m‘˚‰[48;2;98;177;78m[38;2;91;165;72m‘˚‰[48;2;98;177;78m [48;2;98;177;78m [48;2;98;177;78m [48;2;96;172;77m[38;2;98;177;78m‘˚‰[48;2;82;147;65m[38;2;98;177;78m‘˚‰[48;2;66;116;52m[38;2;98;177;78m‘˚‰[48;2;46;78;38m[38;2;98;177;78m‘˚‰[48;2;27;51;20m[38;2;98;177;78m‘˚‰[48;2;28;60;20m[38;2;94;169;74m‘˚‰[48;2;28;67;19m[38;2;86;155;69m‘˚‰[48;2;34;96;19m[38;2;69;123;54m‘˚‰[48;2;42;126;21m[38;2;48;86;39m‘˚‰[48;2;51;148;27m[38;2;36;64;28m‘˚‰[48;2;55;164;28m[38;2;26;46;20m‘˚‰[48;2;60;180;30m[38;2;23;39;18m‘˚‰[48;2;62;186;31m[38;2;21;40;17m‘˚‰[48;2;61;181;31m[38;2;19;36;16m‘˚‰[48;2;67;176;40m[38;2;18;32;14m‘˚‰[48;2;63;173;35m[38;2;23;36;19m‘˚‰[48;2;56;168;29m[38;2;27;42;23m‘˚‰[48;2;53;160;27m[38;2;29;45;24m‘˚‰[48;2;44;133;22m[38;2;30;53;25m‘˚‰[48;2;34;102;17m[38;2;52;89;43m‘˚‰[48;2;20;60;10m[38;2;88;148;71m‘˚‰[48;2;24;47;19m[38;2;97;171;78m‘˚‰[48;2;34;62;27m[38;2;98;177;78m‘˚‰[48;2;55;99;44m[38;2;98;177;78m‘˚‰[48;2;80;144;64m[38;2;98;177;78m‘˚‰[48;2;99;176;79m[38;2;98;177;78m‘˚‰[48;2;98;177;78m [48;2;98;177;78m[38;2;99;177;79m‘˚‰[48;2;99;177;79m[38;2;96;172;76m‘˚‰[48;2;99;175;79m[38;2;85;151;68m‘˚‰[48;2;95;169;76m[38;2;72;121;60m‘˚‰[48;2;109;180;92m[38;2;37;57;32m‘˚‰[48;2;100;159;85m[38;2;38;41;36m‘˚‰[48;2;72;107;62m[38;2;74;74;74m‘˚‰[0m[38;2;44;65;38m‘˚«[38;2;31;48;27m‘˚«[38;2;31;48;26m‘˚«[38;2;31;52;25m‘˚«[38;2;41;71;34m‘˚«[38;2;59;97;50m‘˚«[0m
               [38;2;95;106;94m‘˚«[38;2;81;137;65m‘˚«[38;2;91;166;73m‘˚«[48;2;95;174;76m[38;2;61;73;59m‘˚‰[48;2;98;177;78m[38;2;33;66;26m‘˚‰[48;2;98;177;78m[38;2;81;143;65m‘˚‰[48;2;98;177;78m[38;2;102;182;81m‘˚‰[48;2;98;177;78m[38;2;97;176;77m‘˚‰[48;2;98;177;78m [48;2;98;177;78m [48;2;98;177;78m [48;2;98;177;78m [48;2;98;177;78m [48;2;98;177;78m [48;2;98;178;78m[38;2;98;177;78m‘˚‰[48;2;98;179;78m[38;2;98;177;78m‘˚‰[48;2;98;179;78m[38;2;98;177;78m‘˚‰[48;2;99;179;78m[38;2;98;177;78m‘˚‰[48;2;98;179;78m[38;2;98;177;78m‘˚‰[48;2;98;178;78m[38;2;98;177;78m‘˚‰[48;2;98;178;78m[38;2;98;177;78m‘˚‰[48;2;98;178;78m[38;2;98;177;78m‘˚‰[48;2;98;179;78m[38;2;98;177;78m‘˚‰[48;2;97;177;77m[38;2;98;177;78m‘˚‰[48;2;98;177;78m [48;2;98;177;78m [48;2;98;177;78m[38;2;98;176;78m‘˚‰[48;2;98;177;78m[38;2;99;179;78m‘˚‰[48;2;98;177;78m[38;2;93;169;74m‘˚‰[48;2;98;177;78m[38;2;56;106;44m‘˚‰[48;2;96;174;77m[38;2;16;31;13m‘˚‰[48;2;68;126;54m[38;2;58;58;58m‘˚‰[0m[38;2;28;50;23m‘˚«[38;2;20;22;20m‘˚«[0m
                     [38;2;41;52;39m‘˚«[38;2;39;76;30m‘˚«[38;2;73;136;57m‘˚«[48;2;90;162;72m[38;2;96;100;95m‘˚‰[48;2;99;175;79m[38;2;60;69;58m‘˚‰[48;2;98;177;78m[38;2;46;59;43m‘˚‰[48;2;98;177;78m[38;2;32;51;27m‘˚‰[48;2;98;178;78m[38;2;28;50;23m‘˚‰[48;2;98;178;78m[38;2;28;55;22m‘˚‰[48;2;98;178;78m[38;2;35;64;28m‘˚‰[48;2;98;177;78m[38;2;41;75;33m‘˚‰[48;2;98;177;78m[38;2;50;89;41m‘˚‰[48;2;98;177;77m[38;2;54;89;45m‘˚‰[48;2;98;177;77m[38;2;53;89;44m‘˚‰[48;2;98;177;78m[38;2;49;86;39m‘˚‰[48;2;98;177;78m[38;2;45;83;36m‘˚‰[48;2;98;177;78m[38;2;40;74;32m‘˚‰[48;2;98;177;78m[38;2;35;64;28m‘˚‰[48;2;98;178;78m[38;2;39;60;33m‘˚‰[48;2;90;163;71m[38;2;55;61;53m‘˚‰[0m[38;2;53;97;41m‘˚«[38;2;24;44;19m‘˚«[38;2;36;41;35m‘˚«[0m

    [1;32m/---------------------------------------------------------------------------------\
    |                             [1;34mDo you like PEASS?[1;32m                                  |
    |---------------------------------------------------------------------------------|
    |         [1;33mLinux PE & Hardening[1;32m    :     [1;31mhttps://hacktricks-training.com/courses/lhe/[1;32m |
    |         [1;33mLearn Cloud Hacking[1;32m       :     [1;31mhttps://training.hacktricks.xyz [1;32m        |
    |         [1;33mFollow on Twitter[1;32m         :     [1;31m@hacktricks_live[1;32m                        |
    |         [1;33mRespect on HTB[1;32m            :     [1;31mSirBroccoli            [1;32m                 |
    |---------------------------------------------------------------------------------|
    |                                 [1;34mThank you! [1;32m                                     |
    \---------------------------------------------------------------------------------/
[1;34m          LinPEAS-ng [1;33mby carlospolop
[0m
[1;33mADVISORY: [1;34mThis script should be used for authorized penetration testing and/or educational purposes only. Any misuse of this software will not be the responsibility of the author or of any other collaborator. Use it at your own computers and/or with the computer owner's permission.
[0m
[1;34mLinux Privesc Checklist: [1;33mhttps://book.hacktricks.wiki/en/linux-hardening/main-system-information/linux-privilege-escalation-checklist.html
[0m[1;34mBest Linux PE & Hardening course: [1;33mhttps://hacktricks-training.com/courses/lhe/
[0m [1;4mLEGEND[0m:
  [1;31;103mRED/YELLOW[0m: 95% a PE vector
  [1;31mRED[0m: You should take a look into it
  [1;96mLightCyan[0m: Users with console
  [1;34mBlue[0m: Users without console & mounted devs
  [1;32mGreen[0m: Common things (users, groups, SUID/SGID, mounts, .sh scripts, cronjobs) 
  [1;95mLightMagenta[0m: Your username

 [1;90mStarting LinPEAS. Caching Writable Folders...[0m
[1;34m                               ‘Úˆ‘Ú…‘Ú…‘Ú…‘Ú…‘Ú…‘Ú…‘Ú…‘Ú…‘Ú…‘Ú…‘Ú…‘Ú…‘Ú…‘Ú…‘Ú…‘Ú…‘Ú…‘Ú…‘Ú…‘Ú˘
‘Ú…‘Ú…‘Ú…‘Ú…‘Ú…‘Ú…‘Ú…‘Ú…‘Ú…‘Ú…‘Ú…‘Ú…‘Ú…‘Ú…‘Ú…‘Ú…‘Ú…‘Ú…‘Ú…‘Ú…‘Ú…‘Ú…‘Ú…‘Ú…‘Ú…‘Ú…‘Ú…‘Ú…‘Ú…‘Ú…‘Ú…‘Ú˙ [1;32mBasic information[1;34m ‘Ú·‘Ú…‘Ú…‘Ú…‘Ú…‘Ú…‘Ú…‘Ú…‘Ú…‘Ú…‘Ú…‘Ú…‘Ú…‘Ú…‘Ú…‘Ú…‘Ú…‘Ú…‘Ú…‘Ú…‘Ú…‘Ú…‘Ú…‘Ú…‘Ú…‘Ú…‘Ú…‘Ú…‘Ú…‘Ú…‘Ú…‘Ú…
[1;34m                               ‘Ú‹‘Ú…‘Ú…‘Ú…‘Ú…‘Ú…‘Ú…‘Ú…‘Ú…‘Ú…‘Ú…‘Ú…‘Ú…‘Ú…‘Ú…‘Ú…‘Ú…‘Ú…‘Ú…‘Ú…‘Úÿ[0m
[1;37mOS: [0mLinux version 5.15.0-139-generic (buildd@lcy02-amd64-067) (gcc (Ubuntu 9.4.0-1ubuntu1~20.04.2) 9.4.0, GNU ld (GNU Binutils for Ubuntu) 2.34) #149~20.04.1-Ubuntu SMP Wed Apr 16 08:29:56 UTC 2025
[1;37mUser & Groups: [0muid=1001(jan) gid=1001(jan) groups=1001(jan)
[1;37mHostname: [0mip-10-65-134-114

[1;33m[+] [1;32m/bin/ping[1;34m is available for network discovery[1;37m (LinPEAS can discover hosts, learn more with -h)
[0m[1;33m[+] [1;32m/bin/bash[1;34m is available for network discovery, port scanning and port forwarding[1;37m (LinPEAS can discover hosts, scan ports, and forward ports. Learn more with -h)
[1;33m[+] [1;32m/bin/nc[1;34m is available for network discovery & port scanning[1;37m (LinPEAS can discover hosts and scan ports, learn more with -h)
[0m

[1;32mCaching directories [0m[1;33mDONE
[0m
[1;34m                              ‘Úˆ‘Ú…‘Ú…‘Ú…‘Ú…‘Ú…‘Ú…‘Ú…‘Ú…‘Ú…‘Ú…‘Ú…‘Ú…‘Ú…‘Ú…‘Ú…‘Ú…‘Ú…‘Ú…‘Ú…‘Ú…‘Ú˘
‘Ú…‘Ú…‘Ú…‘Ú…‘Ú…‘Ú…‘Ú…‘Ú…‘Ú…‘Ú…‘Ú…‘Ú…‘Ú…‘Ú…‘Ú…‘Ú…‘Ú…‘Ú…‘Ú…‘Ú…‘Ú…‘Ú…‘Ú…‘Ú…‘Ú…‘Ú…‘Ú…‘Ú…‘Ú…‘Ú…‘Ú˙ [1;32mSystem Information[1;34m ‘Ú·‘Ú…‘Ú…‘Ú…‘Ú…‘Ú…‘Ú…‘Ú…‘Ú…‘Ú…‘Ú…‘Ú…‘Ú…‘Ú…‘Ú…‘Ú…‘Ú…‘Ú…‘Ú…‘Ú…‘Ú…‘Ú…‘Ú…‘Ú…‘Ú…‘Ú…‘Ú…‘Ú…‘Ú…‘Ú…‘Ú…
[1;34m                              ‘Ú‹‘Ú…‘Ú…‘Ú…‘Ú…‘Ú…‘Ú…‘Ú…‘Ú…‘Ú…‘Ú…‘Ú…‘Ú…‘Ú…‘Ú…‘Ú…‘Ú…‘Ú…‘Ú…‘Ú…‘Ú…‘Úÿ[0m
[1;34m‘Úˆ‘Ú…‘Ú…‘Ú…‘Ú…‘Ú…‘Ú…‘Ú…‘Ú…‘Ú…‘Ú…‘Ú˙ [1;32mOperative system [1;90m(T1082)
[0m[1;34m‘Ú‹ [1;34m[3mhttps://book.hacktricks.wiki/en/linux-hardening/main-system-information/kernel-vulnerability-assessment.html
[0mLinux version 5.15.0-139-generic (buildd@lcy02-amd64-067) (gcc (Ubuntu 9.4.0-1ubuntu1~20.04.2) 9.4.0, GNU ld (GNU Binutils for Ubuntu) 2.34) #149~20.04.1-Ubuntu SMP Wed Apr 16 08:29:56 UTC 2025
Distributor ID:	Ubuntu
Description:	Ubuntu 20.04.6 LTS
Release:	20.04
Codename:	focal

[1;34m‘Úˆ‘Ú…‘Ú…‘Ú…‘Ú…‘Ú…‘Ú…‘Ú…‘Ú…‘Ú…‘Ú…‘Ú˙ [1;32mSudo version [1;90m(T1548.003,T1068)
[0m[1;34m‘Ú‹ [1;34m[3mhttps://book.hacktricks.wiki/en/linux-hardening/linux-basics/linux-privilege-escalation/index.html#sudo-version
[0mSudo version [1;31m1.8.31[0m


[1;34m‘Úˆ‘Ú…‘Ú…‘Ú…‘Ú…‘Ú…‘Ú…‘Ú…‘Ú…‘Ú…‘Ú…‘Ú˙ [1;32mPATH [1;90m(T1574.007)
[0m[1;34m‘Ú‹ [1;34m[3mhttps://book.hacktricks.wiki/en/linux-hardening/linux-basics/linux-privilege-escalation/index.html#writable-path-abuses
[0m/usr/local/sbin:/usr/local/bin:/usr/sbin:/usr/bin:/sbin:/bin:/usr/games:/usr/local/games:/snap/bin

[1;34m‘Úˆ‘Ú…‘Ú…‘Ú…‘Ú…‘Ú…‘Ú…‘Ú…‘Ú…‘Ú…‘Ú…‘Ú˙ [1;32mDate & uptime [1;90m(T1082)
[0mTue 06 Oct 2026 04:20:12 PM EDT
 16:20:12 up  1:11,  1 user,  load average: 1.04, 0.36, 0.13

[1;34m‘Úˆ‘Ú…‘Ú…‘Ú…‘Ú…‘Ú…‘Ú…‘Ú…‘Ú…‘Ú…‘Ú…‘Ú˙ [1;32mUnmounted file-system? [1;90m(T1082,T1120)
[0m[1;34m‘Ú‹ [1;34m[3mCheck if you can mount umounted devices
[0m[1;34mUUID=cdbcec40-cb66-49dd-ad6b-be757c8140cf[0m	[1;34m/[0m	ext4	errors=remount-ro	0 1
UUID=db3bdca8-5517-4600-b896-e8479e05e44a	none	[1;32mswap[0m	sw	0 0

[1;34m‘Úˆ‘Ú…‘Ú…‘Ú…‘Ú…‘Ú…‘Ú…‘Ú…‘Ú…‘Ú…‘Ú…‘Ú˙ [1;32mAny sd*/disk* disk in /dev? (limit 20) [1;90m(T1082)
[0mdisk

[1;34m‘Úˆ‘Ú…‘Ú…‘Ú…‘Ú…‘Ú…‘Ú…‘Ú…‘Ú…‘Ú…‘Ú…‘Ú˙ [1;32mEnvironment [1;90m(T1082,T1552.007)
[0m[1;34m‘Ú‹ [1;34m[3mAny private information inside environment variables?
[0mUSER=jan
SSH_CLIENT=192.168.147.231 57274 22
SHLVL=0
MOTD_SHOWN=pam
HOME=/home/jan
OLDPWD=/home/jan
SSH_TTY=/dev/pts/0
LOGNAME=jan
_=./linpeas.sh
TERM=xterm-256color
XDG_RUNTIME_DIR=/run/user/1001
LANG=en_US.UTF-8
SHELL=/bin/bash
PWD=/tmp
SSH_CONNECTION=192.168.147.231 57274 10.65.134.114 22
XDG_DATA_DIRS=/usr/local/share:/usr/share:/var/lib/snapd/desktop

[1;34m‘Úˆ‘Ú…‘Ú…‘Ú…‘Ú…‘Ú…‘Ú…‘Ú…‘Ú…‘Ú…‘Ú…‘Ú˙ [1;32mSearching Signature verification failed in dmesg [1;90m(T1082)
[0m[1;34m‘Ú‹ [1;34m[3mhttps://book.hacktricks.wiki/en/linux-hardening/linux-basics/linux-privilege-escalation/index.html#dmesg-signature-verification-failed
[0m[1;90mdmesg Not Found
[0m
[1;34m‘Úˆ‘Ú…‘Ú…‘Ú…‘Ú…‘Ú…‘Ú…‘Ú…‘Ú…‘Ú…‘Ú…‘Ú˙ [1;32mProtections [1;90m(T1518.001)
[0m[1;34m‘Ú…‘Ú˙ [1;32mAppArmor enabled? .............. [0m[0mYou do not have enough privilege to read the profile set.
apparmor module is loaded.
[1;34m‘Ú…‘Ú˙ [1;32mAppArmor profile? .............. [0m[0m[1;31munconfined[0m
[1;34m‘Ú…‘Ú˙ [1;32mis linuxONE? ................... [0m[0m[1;90ms390x Not Found
[0m[1;34m‘Ú…‘Ú˙ [1;32mgrsecurity present? ............ [0m[0m[1;90mgrsecurity Not Found
[0m[1;34m‘Ú…‘Ú˙ [1;32mPaX bins present? .............. [0m[0m[1;90mPaX Not Found
[0m[1;34m‘Ú…‘Ú˙ [1;32mExecshield enabled? ............ [0m[0m[1;90mExecshield Not Found
[0m[1;34m‘Ú…‘Ú˙ [1;32mSELinux enabled? ............... [0m[0m[1;90msestatus Not Found
[0m[1;34m‘Ú…‘Ú˙ [1;32mSeccomp enabled? ............... [0m[0m[1;31mdisabled[0m
[1;34m‘Ú…‘Ú˙ [1;32mUser namespace? ................ [0m[0m[1;32menabled[0m
[1;34m‘Ú…‘Ú˙ [1;32munpriv_userns_clone? ........... [0m[1;31m1[0m
[1;34m‘Ú…‘Ú˙ [1;32munpriv_bpf_disabled? ........... [0m[1;32m2[0m
[1;34m‘Ú…‘Ú˙ [1;32mCgroup2 enabled? ............... [0m[0m[1;32menabled[0m
[1;34m‘Ú…‘Ú˙ [1;32mkptr_restrict? ................. [0m[1;32m1[0m
[1;34m‘Ú…‘Ú˙ [1;32mdmesg_restrict? ................ [0m[1;31m0[0m
[1;34m‘Ú…‘Ú˙ [1;32mptrace_scope? .................. [0m[1;32m1[0m
[1;34m‘Ú…‘Ú˙ [1;32mprotected_symlinks? ............ [0m[1;90m/proc/sys/fs/protected_symlinks Not Found
[0m[1;34m‘Ú…‘Ú˙ [1;32mprotected_hardlinks? ........... [0m[1;90m/proc/sys/fs/protected_hardlinks Not Found
[0m[1;34m‘Ú…‘Ú˙ [1;32mperf_event_paranoid? ........... [0m[0m[1;32m4[0m
[1;34m‘Ú…‘Ú˙ [1;32mmmap_min_addr? ................. [0m[1;32m65536[0m
[1;34m‘Ú…‘Ú˙ [1;32mlockdown mode? ................. [0m[0m[[1;31mnone[0m] [1;32mintegrity[0m [1;32mconfidentiality[0m
[1;34m‘Ú…‘Ú˙ [1;32mKernel hardening flags? ........ [0m[0mCONFIG_SLAB_FREELIST_RANDOM=y
CONFIG_SLAB_FREELIST_HARDENED=y
CONFIG_RANDOMIZE_BASE=y
CONFIG_STACKPROTECTOR=y
CONFIG_STACKPROTECTOR_STRONG=y
# CONFIG_KASAN is not set
[1;34m‘Ú…‘Ú˙ [1;32mFail2ban present? .............. [0m[0m[1;90mfail2ban Not Found
[0m[1;34m‘Ú…‘Ú˙ [1;32mCrowdSec present? .............. [0m[0m[1;90mcrowdsec Not Found
[0m[1;34m‘Ú…‘Ú˙ [1;32mPending reboot? ................ [0m[0m[1;90mNo
[0m[1;34m‘Ú…‘Ú˙ [1;32mIs ASLR enabled? ............... [0m[0m[1;32mYes[0m
[1;34m‘Ú…‘Ú˙ [1;32mPrinter? ....................... [0m[0m[1;90mNo
[0m[1;34m‘Ú…‘Ú˙ [1;32mIs this a virtual machine? ..... [0m[0m[1;31mYes (kvm)[0m

[1;34m‘Úˆ‘Ú…‘Ú…‘Ú…‘Ú…‘Ú…‘Ú…‘Ú…‘Ú…‘Ú…‘Ú…‘Ú˙ [1;32mKernel Modules Information [1;90m(T1547.006)
[0m[1;34m‘Ú…‘Ú…‘Ú˙ [1;32mDiagSpill SCTP kernel exposure (CVE-2026-74469) [1;90m(T1068)
[0m[1;34m‘Ú‹ [1;34m[3mhttps://access.redhat.com/security/vulnerabilities/RHSB-2026-011
[0m[1;31;103mPotentially vulnerable kernel 5.15.0-139-generic with SCTP diagnostics reachable (sctp: module; sctp_diag: module)[0m
[1;96mLocal exploitation needs no capability or unprivileged user namespace; verify vendor backports[0m
Mitigation: update the kernel, or hard-disable both sctp and sctp_diag if SCTP is unused
[1;34m‘Ú…‘Ú…‘Ú˙ [1;32mnet/sched action UAF exposure (CVE-2026-53264) [1;90m(T1068)
[0m[1;34m‘Ú‹ [1;34m[3mhttps://www.cve.org/CVERecord?id=CVE-2026-53264
[0m[1;31;103mHIGH-RISK: potentially vulnerable kernel 5.15.0-139-generic with unprivileged user namespaces and the required traffic-control components reachable[0m
[1;96mPrerequisites: user namespaces: enabled; act_gact: module; cls_flower: module[0m
Running kernel package: linux-image-5.15.0-139-generic (5.15.0-139.149~20.04.1); no local fix marker or known fixed package boundary was found
The public exploit is build-specific. Install the vendor kernel update; disabling unprivileged user namespaces is only a configuration mitigation.
[1;34m‘Ú…‘Ú…‘Ú˙ [1;32mKernel modules with weak perms? [1;90m(T1547.006)
[0m
[1;34m‘Ú…‘Ú…‘Ú˙ [1;32mKernel modules loadable?  [1;90m(T1547.006)
[0m[1;31mModules can be loaded[0m
[1;34m‘Ú…‘Ú…‘Ú˙ [1;32mModule signature enforcement?  [1;90m(T1547.006)
[0m[1;31mNot enforced[0m

[1;34m‘Úˆ‘Ú…‘Ú…‘Ú…‘Ú…‘Ú…‘Ú…‘Ú…‘Ú…‘Ú…‘Ú…‘Ú˙ [1;32mChecking for Copy Fail (CVE-2026-31431) [1;90m(T1068)
[0m[1;34m‘Ú‹ [1;34m[3mhttps://copy.fail/
[0m[1;34m‘Ú‹ [1;34m[3mhttps://www.cve.org/CVERecord?id=CVE-2026-31431
[0m[1;31;103mVULNERABLE: non-destructive AF_ALG/splice page-cache write triggered[0m

[1;34m‘Úˆ‘Ú…‘Ú…‘Ú…‘Ú…‘Ú…‘Ú…‘Ú…‘Ú…‘Ú…‘Ú…‘Ú˙ [1;32mKernel Exploit Registry [1;90m(T1068)
[0m[1;34m‘Ú…‘Ú˙ [1;32mOperating system ............. Linux
[0m[1;34m‘Ú…‘Ú˙ [1;32mKernel release ............... 5.15.0-139-generic
[0m[1;34m‘Ú…‘Ú˙ [1;32mComparable version ........... 5.15.0.139
[0m[1;34m‘Ú…‘Ú˙ [1;32mData chunk limit ............. max 25 rows per KERNEL_CVE_DATA_* variable (1..26)
[0m[1;34m‘Ú…‘Ú˙ [1;32mKernel config source ......... /boot/config-5.15.0-139-generic
[0m[1;31;103mCVE: CVE-2022-0847 | Name: DirtyPipe | Match data: pkg=linux-kernel,ver>=5.8,ver<=5.16.11 | Tags: ubuntu=(20.04|21.04),debian=11 | Rank: 1[0m
[1;31;103mCVE: CVE-2022-0995 | Name: watch_queue | Match data: pkg=linux-kernel,ver>=5.8,ver<5.16.5,x86_64 | Tags: ubuntu=21.10{kernel:5.13.0.37-generic} | Rank: 1 | Details: Not 100% reliable, may need to be run a couple of times. It rare cases it may panic the kernel.[0m
[1;31;103mCVE: CVE-2022-2586 | Name: nft_object UAF | Match data: pkg=linux-kernel,ver>=5.12,ver<5.19,CONFIG_USER_NS=y,sysctl:kernel.unprivileged_userns_clone==1 | Tags: ubuntu=(20.04){kernel:5.12.13} | Rank: 1 | Details: kernel.unprivileged_userns_clone=1 required (to obtain CAP_NET_ADMIN)[0m
[1;31;103mCVE: CVE-2022-32250 | Name: nft_object UAF (NFT_MSG_NEWSET) | Match data: pkg=linux-kernel,ver<5.18.1,CONFIG_USER_NS=y,sysctl:kernel.unprivileged_userns_clone==1 | Tags: ubuntu=(22.04){kernel:5.15.0-27-generic} | Rank: 1 | Details: kernel.unprivileged_userns_clone=1 required (to obtain CAP_NET_ADMIN)[0m
[1;31;103mCVE: CVE-2023-0386 | Name: OverlayFS suid smuggle | Match data: pkg=linux-kernel,ver>=5.11,ver<=6.2,CONFIG_USER_NS=y,sysctl:kernel.unprivileged_userns_clone==1 | Tags: ubuntu=22.04.1{kernel:5.15.0-57-generic} | Rank: 1 | Details: CONFIG_USER_NS needs to be enabled && kernel.unprivileged_userns_clone=1 required[0m
[1;31;103mCVE: CVE-2025-38236 | Name: AF_UNIX MSG_OOB UAF | Match data: pkg=linux-kernel,ver>=5.15,ver<6.1.143 | Tags: 1 | Rank: Fixed in stable 6.1.143[0m
[1;31;103mCVE: CVE-2026-43503 | Name: DirtyClone | Match data: pkg=linux-kernel,ver>=5.11,ver<5.15.208 | Tags: 1 | Rank: Fixed in stable 5.15.208; exploit path is in the networking stack and may be mitigated by removing the relevant ESP modules[0m
[1;31;103mCVE: CVE-2026-46333 | Name: ptrace exit-race | Match data: pkg=linux-kernel,ver>=5.11,ver<5.15.207,cmd:[ "$(cat /proc/sys/kernel/yama/ptrace_scope 2>/dev/null || echo 0)" -lt 2 ] | Tags: 1 | Rank: Upstream issue introduced in 4.10; fixed in 5.15.207; mitigated by kernel.yama.ptrace_scope >= 2[0m
[1;31;103mCVE: CVE-2026-43499 | Name: GhostLock rtmutex UAF | Match data: pkg=linux-kernel,ver>=5.11,ver<5.15.212,CONFIG_FUTEX_PI=y | Tags: 1 | Rank: Fixed in stable 5.15.212; priority-inheritance futexes must be enabled[0m
[1;31;103m[1;34m‘Ú…‘Ú˙ [1;32mKernel vulns found: 9[0m
[1;31;103m[0m[0m
[1;34m‘Úˆ‘Ú…‘Ú…‘Ú…‘Ú…‘Ú…‘Ú…‘Ú…‘Ú…‘Ú…‘Ú…‘Ú˙ [1;32mChecking for Dirty Frag (CVE-2026-43284 / CVE-2026-43500) [1;90m(T1068)
[0m[1;34m‘Ú‹ [1;34m[3mhttps://ubuntu.com/blog/dirty-frag-linux-vulnerability-fixes-available
[0m[1;34m‘Ú‹ [1;34m[3mhttps://www.cve.org/CVERecord?id=CVE-2026-43284
[0m[1;34m‘Ú‹ [1;34m[3mhttps://www.cve.org/CVERecord?id=CVE-2026-43500
[0m[1;31;103mCVE-2026-43284 (xfrm-ESP): autoloadable: esp4 esp6 xfrm_user ipcomp6[0m
[1;31;103mCVE-2026-43500 (rxrpc): autoloadable: rxrpc[0m
[1;33mmodprobe mitigation (xfrm-ESP): not found[0m
[1;33mmodprobe mitigation (rxrpc): not found[0m
[1;33mUnprivileged user namespaces: enabled[0m
[1;33mKernel build predates upstream fix (2026-05-08): likely unpatched unless distro backport.[0m
[1;31;103mLIKELY VULNERABLE to CVE-2026-43284 (xfrm-ESP).[0m
[1;31;103mLIKELY VULNERABLE to CVE-2026-43500 (rxrpc).[0m
Mitigation: 'install esp4/esp6/rxrpc /bin/false' in /etc/modprobe.d/, then rmmod;
or sysctl kernel.unprivileged_userns_clone=0; or apply distro patches.

[1;34m‘Ú…‘Ú…‘Ú˙ [1;32mOpen vSwitch forwarded-SKB page-cache LPE (CVE-2026-80977 / CVE-2026-89487 / CVE-2026-90049) [1;90m(T1068)
[0m[1;34m‘Ú‹ [1;34m[3mhttps://blog.doyensec.com/2026/09/17/ovs.html
[0m[1;34m‘Ú‹ [1;34m[3mhttps://lore.kernel.org/netdev/4B5CCA6E-2C49-4F86-8C4E-E1BE15C16C0A@doyensec.com/T/#t
[0m[1;33mKernel 5.15.0-139-generic is in an upstream affected range; vendor backports may override this result[0m
[1;33mOpen vSwitch kernel datapath: module and reachable[0m
OVS generic-netlink support: inferred enabled
[1;33mESP in-place-decryption consumer: reachable (esp4: module; esp6: module)[0m
[1;33mXFRM userspace state configuration: module and reachable[0m
[1;33mUnprivileged user namespaces: enabled (namespace CAP_NET_ADMIN is obtainable)[0m
[1;33mReadable root-owned setuid target(s): /usr/bin/chfn /usr/bin/chsh /usr/bin/newgrp /usr/bin/gpasswd /usr/bin/passwd /bin/mount /bin/su[0m
[1;31;103mPOTENTIAL ROOT LPE: the affected kernel range and all known OVS/ESP/userns/setuid prerequisites were detected[0m
[1;96mConfirm the running distribution kernel contains all three vendor backports before treating it as vulnerable[0m
Mitigation: update the vendor kernel; if unused, hard-disable openvswitch (or esp4/esp6) with an install /bin/false rule



[1;34m‘Ú…‘Ú…‘Ú˙ [1;32mnftables catchall verdict-map UAF (CVE-2026-23111) [1;90m(T1068)
[0m[1;34m‘Ú‹ [1;34m[3mhttps://www.cve.org/CVERecord?id=CVE-2026-23111
[0m[1;34m‘Ú‹ [1;34m[3mhttps://git.kernel.org/linus/f41c5d151078c5348271ffaf8e7410d96f2d82f8
[0m[1;34m‘Ú‹ [1;34m[3mhttps://blog.exodusintel.com/2026/06/08/off-by-exploiting-a-use-after-free-in-the-linux-kernel/
[0mKernel release: 5.15.0-139-generic
Kernel build: Linux version 5.15.0-139-generic (buildd@lcy02-amd64-067) (gcc (Ubuntu 9.4.0-1ubuntu1~20.04.2) 9.4.0, GNU ld (GNU Binutils for Ubuntu) 2.34) #149~20.04.1-Ubuntu SMP Wed Apr 16 08:29:56 UTC 2025
Distribution: Ubuntu 20.04.6 LTS (focal)
Running kernel package: linux-image-5.15.0-139-generic (source: linux-signed-hwe-5.15) 5.15.0-139.149~20.04.1
[1;32mUpstream status: kernel 5.15.0-139-generic is outside the introduced ranges[0m



[1;34m                                   ‘Úˆ‘Ú…‘Ú…‘Ú…‘Ú…‘Ú…‘Ú…‘Ú…‘Ú…‘Ú…‘Ú…‘Ú…‘Ú˘
‘Ú…‘Ú…‘Ú…‘Ú…‘Ú…‘Ú…‘Ú…‘Ú…‘Ú…‘Ú…‘Ú…‘Ú…‘Ú…‘Ú…‘Ú…‘Ú…‘Ú…‘Ú…‘Ú…‘Ú…‘Ú…‘Ú…‘Ú…‘Ú…‘Ú…‘Ú…‘Ú…‘Ú…‘Ú…‘Ú…‘Ú…‘Ú…‘Ú…‘Ú…‘Ú…‘Ú˙ [1;32mContainer[1;34m ‘Ú·‘Ú…‘Ú…‘Ú…‘Ú…‘Ú…‘Ú…‘Ú…‘Ú…‘Ú…‘Ú…‘Ú…‘Ú…‘Ú…‘Ú…‘Ú…‘Ú…‘Ú…‘Ú…‘Ú…‘Ú…‘Ú…‘Ú…‘Ú…‘Ú…‘Ú…‘Ú…‘Ú…‘Ú…‘Ú…‘Ú…‘Ú…‘Ú…‘Ú…‘Ú…‘Ú…
[1;34m                                   ‘Ú‹‘Ú…‘Ú…‘Ú…‘Ú…‘Ú…‘Ú…‘Ú…‘Ú…‘Ú…‘Ú…‘Ú…‘Úÿ[0m
[1;34m‘Úˆ‘Ú…‘Ú…‘Ú…‘Ú…‘Ú…‘Ú…‘Ú…‘Ú…‘Ú…‘Ú…‘Ú˙ [1;32mContainer related tools present (if any): [1;90m(T1613)
[0m/usr/bin/lxc
/sbin/apparmor_parser
/usr/bin/nsenter
/usr/bin/unshare
/usr/sbin/chroot
/sbin/capsh
/sbin/setcap
/sbin/getcap

[1;34m‘Úˆ‘Ú…‘Ú…‘Ú…‘Ú…‘Ú…‘Ú…‘Ú…‘Ú…‘Ú…‘Ú…‘Ú˙ [1;32mContainer details [1;90m(T1613,T1611)
[0m[1;34m‘Ú…‘Ú˙ [1;32mIs this a container? ...........[0m [1;90mNo
[0m[0m[1;34m‘Ú…‘Ú˙ [1;32mLXC version ................[0m [0m[1;90mlxc Not Found
[0m[1;34m‘Ú…‘Ú˙ [1;32mLXC info ...................[0m [0m[1;90mlxc Not Found
[0m[1;34m‘Ú…‘Ú˙ [1;32mInteresting runtime sockets ... [0m[0m[1;34m‘Ú…‘Ú˙ [1;32mAny running containers? ........ [0m[0m[1;90mNo
[0m
[1;34m‘Úˆ‘Ú…‘Ú…‘Ú…‘Ú…‘Ú…‘Ú…‘Ú…‘Ú…‘Ú…‘Ú…‘Ú˙ [1;32mLXD group and root-equivalent socket access [1;90m(T1069.001,T1613)
[0m[1;34m‘Ú‹ [1;34m[3mhttps://starlabs.sg/blog/2026/06-old-wine-in-a-new-bottle-a-decade-old-lxd-group-root-re-armed
[0mCurrent user does not belong to the lxd group
srw-rw---- 1 root lxd 0 Oct  6 15:09 /var/snap/lxd/common/lxd/unix.socket
LXD client/wrapper: /usr/bin/lxc



[1;34m                                     ‘Úˆ‘Ú…‘Ú…‘Ú…‘Ú…‘Ú…‘Ú…‘Ú…‘Ú˘
‘Ú…‘Ú…‘Ú…‘Ú…‘Ú…‘Ú…‘Ú…‘Ú…‘Ú…‘Ú…‘Ú…‘Ú…‘Ú…‘Ú…‘Ú…‘Ú…‘Ú…‘Ú…‘Ú…‘Ú…‘Ú…‘Ú…‘Ú…‘Ú…‘Ú…‘Ú…‘Ú…‘Ú…‘Ú…‘Ú…‘Ú…‘Ú…‘Ú…‘Ú…‘Ú…‘Ú…‘Ú…‘Ú˙ [1;32mCloud[1;34m ‘Ú·‘Ú…‘Ú…‘Ú…‘Ú…‘Ú…‘Ú…‘Ú…‘Ú…‘Ú…‘Ú…‘Ú…‘Ú…‘Ú…‘Ú…‘Ú…‘Ú…‘Ú…‘Ú…‘Ú…‘Ú…‘Ú…‘Ú…‘Ú…‘Ú…‘Ú…‘Ú…‘Ú…‘Ú…‘Ú…‘Ú…‘Ú…‘Ú…‘Ú…‘Ú…‘Ú…‘Ú…‘Ú…
[1;34m                                     ‘Ú‹‘Ú…‘Ú…‘Ú…‘Ú…‘Ú…‘Ú…‘Ú…‘Úÿ[0m
[1;33mLearn and practice cloud hacking techniques in [1;34mhttps://training.hacktricks.xyz
[0m
[1;34m‘Ú…‘Ú˙ [1;32mGCP Virtual Machine? ................. [1;32mNo[0m
[0m[0m[1;34m‘Ú…‘Ú˙ [1;32mGCP Cloud Funtion? ................... [1;32mNo[0m
[0m[0m[1;34m‘Ú…‘Ú˙ [1;32mAWS ECS? ............................. [1;32mNo[0m
[0m[0m[1;34m‘Ú…‘Ú˙ [1;32mAWS EC2? ............................. [1;31mYes[0m
[0m[0m[1;34m‘Ú…‘Ú˙ [1;32mAWS EC2 Beanstalk? ................... [1;32mNo[0m
[0m[0m[1;34m‘Ú…‘Ú˙ [1;32mAWS Lambda? .......................... [1;32mNo[0m
[0m[0m[1;34m‘Ú…‘Ú˙ [1;32mAWS Codebuild? ....................... [1;32mNo[0m
[0m[0m[1;34m‘Ú…‘Ú˙ [1;32mDO Droplet? .......................... [1;32mNo[0m
[0m[0m[1;34m‘Ú…‘Ú˙ [1;32mIBM Cloud VM? ........................ [1;32mNo[0m
[0m[0m[1;34m‘Ú…‘Ú˙ [1;32mAzure VM or Az metadata? ............. [1;32mNo[0m
[0m[0m[1;34m‘Ú…‘Ú˙ [1;32mAzure APP or IDENTITY_ENDPOINT? ...... [1;32mNo[0m
[0m[0m[1;34m‘Ú…‘Ú˙ [1;32mAzure Automation Account? ............ [1;32mNo[0m
[0m[0m[1;34m‘Ú…‘Ú˙ [1;32mAliyun ECS? .......................... [1;32mNo[0m
[0m[0m[1;34m‘Ú…‘Ú˙ [1;32mTencent CVM? ......................... [1;32mNo[0m
[0m[0m
[1;34m‘Úˆ‘Ú…‘Ú…‘Ú…‘Ú…‘Ú…‘Ú…‘Ú…‘Ú…‘Ú…‘Ú…‘Ú˙ [1;32mAWS EC2 Enumeration [1;90m(T1552.005,T1580)
[0mami-id: ami-0b786ebc9006c4cd8
instance-action: none
instance-id: i-03c77f651424a292d
instance-life-cycle: spot
instance-type: t3a.micro
region: us-east-1

[1;34m‘Ú…‘Ú…‘Ú˙ [1;32mAccount Info [1;90m(T1552.005,T1580)
[0m{
  "Code" : "Success",
  "LastUpdated" : "2026-10-06T19:57:30Z",
  "AccountId" : "739930428441"
}

[1;34m‘Ú…‘Ú…‘Ú˙ [1;32mNetwork Info [1;90m(T1552.005,T1580)
[0mMac: 0e:ff:cc:5b:2e:7d/
Owner ID: 739930428441
Public Hostname: 
Security Groups: Cell-prod-us-east-1b-CellInstanceSecurityGroupF0B278FB-LVjTDEZ9uXt0
Private IPv4s:

Subnet IPv4: 10.65.128.0/18
PrivateIPv6s:

Subnet IPv6: 
Public IPv4s:



[1;34m‘Ú…‘Ú…‘Ú˙ [1;32mIAM Role [1;90m(T1552.005,T1580)
[0m{
  "Code" : "Success",
  "LastUpdated" : "2026-10-06T19:57:00Z",
  "InstanceProfileArn" : "arn:aws:iam::739930428441:instance-profile/vulnerable-machine",
  "InstanceProfileId" : "AIPA2YR2KKQMUBACPRZLH"
}
Role: vulnerable-machine
{
  "Code" : "Success",
  "LastUpdated" : "2026-10-06T19:57:23Z",
  "Type" : "AWS-HMAC",
  "AccessKeyId" : "[AWS_CREDENTIAL_REDACTED]",
  "SecretAccessKey" : "[AWS_CREDENTIAL_REDACTED]",
  "Token" : "[AWS_CREDENTIAL_REDACTED]",
  "Expiration" : "2026-10-07T02:09:22Z"
}


[1;34m‘Ú…‘Ú…‘Ú˙ [1;32mUser Data [1;90m(T1552.005,T1580)
[0mContent-Type: multipart/mixed; boundary="==BOUNDARY=="
MIME-Version: 1.0


--==BOUNDARY==
Content-Type: text/cloud-config
MIME-Version: 1.0

#cloud-config
bootcmd:
  - 'echo "userId: 6ac0067ff83a854c524e00d1" > /.badr-info'
  - 'echo "uploadId: 68584ea5ca4e0e70d28798c8" >> /.badr-info'
  - 'echo "roomId: 5d3f3faabe83462671c59eb7" >> /.badr-info'
  - 'echo "roomCode: basicpentestingjt" >> /.badr-info'
  - 'echo "taskId: 5d3f3facbe83462671c59eb9" >> /.badr-info'
  - 'echo "instanceId: 6ac546f23899791e032155d9" >> /.badr-info'
  - 'mkdir /etc/badr'
  - 'mkdir -p /etc/thm'
  - 'echo "ef89f2607074ae0ca421ce3d70c5c9a50e8c97335a770323cfb510c48428a4a5" > /etc/thm/ai-token'
  - 'chmod 0600 /etc/thm/ai-token'

runcmd:
  - 'wget -O /etc/badr/badr "https://tryhackme-badr-deployment-production-us-east-1.s3.us-east-1.amazonaws.com/badr?X-Amz-Algorithm=AWS4-HMAC-SHA256&X-Amz-Content-Sha256=UNSIGNED-PAYLOAD&X-Amz-Credential=[AWS_CREDENTIAL_REDACTED]&X-Amz-Date=20261006T190730Z&X-Amz-Expires=480&X-Amz-Signature=[AWS_CREDENTIAL_REDACTED]&X-Amz-SignedHeaders=host&x-amz-checksum-mode=ENABLED&x-id=GetObject"'
  - 'wget -O /etc/badr/config.yaml "https://tryhackme-badr-deployment-production-us-east-1.s3.us-east-1.amazonaws.com/config.yaml?X-Amz-Algorithm=AWS4-HMAC-SHA256&X-Amz-Content-Sha256=UNSIGNED-PAYLOAD&X-Amz-Credential=[AWS_CREDENTIAL_REDACTED]&X-Amz-Date=20261006T190730Z&X-Amz-Expires=480&X-Amz-Signature=[AWS_CREDENTIAL_REDACTED]&X-Amz-SignedHeaders=host&x-amz-checksum-mode=ENABLED&x-id=GetObject"'
  - 'wget -O /etc/badr/rules.yaml "https://tryhackme-badr-deployment-production-us-east-1.s3.us-east-1.amazonaws.com/rules.yaml?X-Amz-Algorithm=AWS4-HMAC-SHA256&X-Amz-Content-Sha256=UNSIGNED-PAYLOAD&X-Amz-Credential=[AWS_CREDENTIAL_REDACTED]&X-Amz-Date=20261006T190730Z&X-Amz-Expires=480&X-Amz-Signature=[AWS_CREDENTIAL_REDACTED]&X-Amz-SignedHeaders=host&x-amz-checksum-mode=ENABLED&x-id=GetObject"'
  - 'wget -O /etc/badr/room.config.yaml "https://tryhackme-badr-deployment-production-us-east-1.s3.us-east-1.amazonaws.com/basicpentestingjt/rules.yaml?X-Amz-Algorithm=AWS4-HMAC-SHA256&X-Amz-Content-Sha256=UNSIGNED-PAYLOAD&X-Amz-Credential=[AWS_CREDENTIAL_REDACTED]&X-Amz-Date=20261006T190730Z&X-Amz-Expires=480&X-Amz-Signature=[AWS_CREDENTIAL_REDACTED]&X-Amz-SignedHeaders=host&x-amz-checksum-mode=ENABLED&x-id=GetObject"'
  - 'wget -O /etc/badr/room.rules.yaml "https://tryhackme-badr-deployment-production-us-east-1.s3.us-east-1.amazonaws.com/basicpentestingjt/cat-dash-rules.yaml?X-Amz-Algorithm=AWS4-HMAC-SHA256&X-Amz-Content-Sha256=UNSIGNED-PAYLOAD&X-Amz-Credential=[AWS_CREDENTIAL_REDACTED]&X-Amz-Date=20261006T190730Z&X-Amz-Expires=480&X-Amz-Signature=[AWS_CREDENTIAL_REDACTED]&X-Amz-SignedHeaders=host&x-amz-checksum-mode=ENABLED&x-id=GetObject"'
  - 'wget -O /etc/badr/badr-client-key.pem "https://tryhackme-badr-deployment-production-us-east-1.s3.us-east-1.amazonaws.com/badr-client-key.pem?X-Amz-Algorithm=AWS4-HMAC-SHA256&X-Amz-Content-Sha256=UNSIGNED-PAYLOAD&X-Amz-Credential=[AWS_CREDENTIAL_REDACTED]&X-Amz-Date=20261006T190730Z&X-Amz-Expires=480&X-Amz-Signature=[AWS_CREDENTIAL_REDACTED]&X-Amz-SignedHeaders=host&x-amz-checksum-mode=ENABLED&x-id=GetObject"'
  - 'wget -O /etc/badr/badr-client-cert.pem "https://tryhackme-badr-deployment-production-us-east-1.s3.us-east-1.amazonaws.com/badr-client-cert.pem?X-Amz-Algorithm=AWS4-HMAC-SHA256&X-Amz-Content-Sha256=UNSIGNED-PAYLOAD&X-Amz-Credential=[AWS_CREDENTIAL_REDACTED]&X-Amz-Date=20261006T190730Z&X-Amz-Expires=480&X-Amz-Signature=[AWS_CREDENTIAL_REDACTED]&X-Amz-SignedHeaders=host&x-amz-checksum-mode=ENABLED&x-id=GetObject"'
  - 'wget -O /etc/badr/labels.yaml "https://tryhackme-badr-deployment-production-us-east-1.s3.us-east-1.amazonaws.com/labels.yaml?X-Amz-Algorithm=AWS4-HMAC-SHA256&X-Amz-Content-Sha256=UNSIGNED-PAYLOAD&X-Amz-Credential=[AWS_CREDENTIAL_REDACTED]&X-Amz-Date=20261006T190730Z&X-Amz-Expires=480&X-Amz-Signature=[AWS_CREDENTIAL_REDACTED]&X-Amz-SignedHeaders=host&x-amz-checksum-mode=ENABLED&x-id=GetObject"'
  - 'chmod 0600 /etc/badr/badr-client-key.pem /etc/badr/badr-client-cert.pem'
  - 'wget -O /etc/systemd/system/badr.service "https://tryhackme-badr-deployment-production-us-east-1.s3.us-east-1.amazonaws.com/badr.service?X-Amz-Algorithm=AWS4-HMAC-SHA256&X-Amz-Content-Sha256=UNSIGNED-PAYLOAD&X-Amz-Credential=[AWS_CREDENTIAL_REDACTED]&X-Amz-Date=20261006T190730Z&X-Amz-Expires=480&X-Amz-Signature=[AWS_CREDENTIAL_REDACTED]&X-Amz-SignedHeaders=host&x-amz-checksum-mode=ENABLED&x-id=GetObject"'
  - 'tmp=$(mktemp) && cat /etc/badr/rules.yaml /etc/badr/room.rules.yaml 2>/dev/null > "$tmp" && mv "$tmp" /etc/badr/rules.yaml'
  - 'systemctl daemon-reload'
  - 'systemctl enable badr.service'
  - 'systemctl start badr.service'
 
--==BOUNDARY==--

[1;34m‘Ú…‘Ú…‘Ú˙ [1;32mEC2 Security Credentials [1;90m(T1552.005,T1580)
[0m{
  "Code" : "Success",
  "LastUpdated" : "2026-10-06T19:57:50Z",
  "Type" : "AWS-HMAC",
  "AccessKeyId" : "[AWS_CREDENTIAL_REDACTED]",
  "SecretAccessKey" : "[AWS_CREDENTIAL_REDACTED]",
  "Token" : "[AWS_CREDENTIAL_REDACTED]",
  "Expiration" : "2026-10-07T02:14:48Z"
}
[1;34m‘Ú…‘Ú…‘Ú˙ [1;32mSSM Runnig [1;90m(T1552.005,T1580)
[0m


[1;34m                ‘Úˆ‘Ú…‘Ú…‘Ú…‘Ú…‘Ú…‘Ú…‘Ú…‘Ú…‘Ú…‘Ú…‘Ú…‘Ú…‘Ú…‘Ú…‘Ú…‘Ú…‘Ú…‘Ú…‘Ú…‘Ú…‘Ú…‘Ú…‘Ú…‘Ú…‘Ú…‘Ú…‘Ú…‘Ú…‘Ú…‘Ú…‘Ú…‘Ú…‘Ú…‘Ú…‘Ú…‘Ú…‘Ú…‘Ú…‘Ú…‘Ú…‘Ú…‘Ú…‘Ú…‘Ú…‘Ú…‘Ú…‘Ú…‘Ú…‘Ú˘
‘Ú…‘Ú…‘Ú…‘Ú…‘Ú…‘Ú…‘Ú…‘Ú…‘Ú…‘Ú…‘Ú…‘Ú…‘Ú…‘Ú…‘Ú…‘Ú…‘Ú˙ [1;32mProcesses, Crons, Timers, Services and Sockets[1;34m ‘Ú·‘Ú…‘Ú…‘Ú…‘Ú…‘Ú…‘Ú…‘Ú…‘Ú…‘Ú…‘Ú…‘Ú…‘Ú…‘Ú…‘Ú…‘Ú…‘Ú…
[1;34m                ‘Ú‹‘Ú…‘Ú…‘Ú…‘Ú…‘Ú…‘Ú…‘Ú…‘Ú…‘Ú…‘Ú…‘Ú…‘Ú…‘Ú…‘Ú…‘Ú…‘Ú…‘Ú…‘Ú…‘Ú…‘Ú…‘Ú…‘Ú…‘Ú…‘Ú…‘Ú…‘Ú…‘Ú…‘Ú…‘Ú…‘Ú…‘Ú…‘Ú…‘Ú…‘Ú…‘Ú…‘Ú…‘Ú…‘Ú…‘Ú…‘Ú…‘Ú…‘Ú…‘Ú…‘Ú…‘Ú…‘Ú…‘Ú…‘Ú…‘Úÿ[0m
[1;34m‘Úˆ‘Ú…‘Ú…‘Ú…‘Ú…‘Ú…‘Ú…‘Ú…‘Ú…‘Ú…‘Ú…‘Ú˙ [1;32mRunning processes (cleaned) [1;90m(T1057)
[0m[1;34m‘Ú‹ [1;34m[3mCheck weird & unexpected processes run by root: https://book.hacktricks.wiki/en/linux-hardening/processes-crontab-systemd-dbus/process-enumeration-and-service-paths.html#map-processes-and-ownership
[0m[1;31mroot[0m           1  0.0  0.8 104040  8016 ?        Ss   15:08   0:02 /sbin[1;32m/init[0m
[1;31mroot[0m         368  0.0  1.0  52164 10412 ?        S<s  15:09   0:01 /lib/[1;34msys[0mtemd/systemd-journald
[1;31mroot[0m         412  0.0  0.5  23568  4972 ?        Ss   15:09   0:00 /lib/[1;34msys[0mtemd/systemd-[1;32mudev[0md
[1;31mroot[0m         542  0.0  1.8 280152 17960 ?        SLsl 15:09   0:00 /sbin/multipathd -d -s
[1;34msys[0mtemd+     563  0.0  0.7  25492  7308 ?        Ss   15:09   0:00 /lib/systemd/systemd-resolved
[1;34msys[0mtemd+     564  0.0  0.3  90896  3664 ?        Ssl  15:09   0:00 /lib/systemd/systemd-timesyncd
  ‘ˆˆ‘ˆ«([1;90mCaps[0m) 0x0000000002000000=cap_sys_time
[1;34msys[0mtemd+     645  0.0  0.4  27284  4496 ?        Ss   15:09   0:00 /lib/systemd/systemd-networkd
  ‘ˆˆ‘ˆ«([1;90mCaps[0m) 0x0000000000003c00=[1;31mcap_net_bind_service[0m,cap_net_broadcast,[1;31mcap_net_admin[0m,[1;31mcap_net_raw[0m
[1;31mroot[0m         791  0.0  0.4 238528  4772 ?        Ssl  15:09   0:00 /usr/lib/accoun[1;34mtss[0mervice/accounts-daemon
[1;31mroot[0m         798  0.0  0.2   9644  2504 ?        Ss   15:09   0:00 /usr/sbin/[1;32mcron[0m -f
[1;32mmessage+[0m     799  0.0  0.4   7820  4360 ?        Ss   15:09   0:00 /usr/bin/dbus-[1;34mdaemon[0m --system --address=systemd: --nofork --nopidfile --systemd-activation --syslog-only
  ‘ˆˆ‘ˆ«([1;90mCaps[0m) 0x0000000020000000=cap_audit_write
[1;31mroot[0m         806  0.0  0.3  81836  3188 ?        Ssl  15:09   0:00 /usr/sbin/irqbalance --foreground
[1;31mroot[0m         807  0.0  0.2 298876  1928 ?        Ssl  15:09   0:00 /usr/bin/lxcfs /var/lib/lxcfs
[1;31mroot[0m         814  0.0  1.2  32504 11964 ?        Ss   15:09   0:00 /usr/bin/python3 /usr/bin/networkd-dispatcher --run-startup-triggers
[1;31mroot[0m         815  0.0  0.7  71764  6816 ?        Ss   15:09   0:00 /usr/sbin/nmbd --foreground --no-process-group
[1;31mroot[0m         816  0.0  0.4 232964  4596 ?        Ssl  15:09   0:00 /usr/lib/policykit-1/polkitd --no-debug
[1;34m[1;32msyslog[0m[0m       820  0.0  0.4 224696  4128 ?        Ssl  15:09   0:00 /usr/sbin/rsyslogd -n -iNONE
[1;31mroot[0m         831  0.1  1.1 1848132 10612 ?       Ssl  15:09   0:05 /usr/lib/snapd/snapd
[1;31mroot[0m         845  0.0  0.5  17608  5524 ?        Ss   15:09   0:00 /lib/[1;34msys[0mtemd/systemd-logind
[1;31mroot[0m         848  0.0  0.7 393480  6732 ?        Ssl  15:09   0:00 /usr/lib/udisks2/udisksd
[1;34m[1;32mdaemon[0m[0m       851  0.0  0.2   4024  2252 ?        Ss   15:09   0:00 /usr/sbin/atd -f
[1;31mroot[0m         879  0.0  0.1   8428  1832 ttyS0    Ss+  15:09   0:00 /sbin/agetty -o -p -- u --keep-baud 115200,38400,9600 ttyS0 vt220
[1;31mroot[0m         889  0.0  0.1   8656  1768 tty1     Ss+  15:09   0:00 /sbin/agetty -o -p -- u --noclear tty1 linux
[1;34m[1;32mtomcat[0m9[0m      916  0.4 15.0 2954568 143392 ?      Sl   15:09   0:18 /usr/lib/jvm/java-1.8.0-openjdk-amd64/bin/java -Djava.util.logging.config.file=/opt/tomcat-latest/conf/logging.properties -Djava.util.logging.manager=org.apache.juli.ClassLoaderLogManager -Dfile.encoding=UTF-8 -Dnet.sf.ehcache.skipUpdateCheck=true -XX:+UseConcMarkSweepGC -XX:+CMSClassUnloadingEnabled -XX:+UseParNewGC -Djdk.tls.ephemeralDHKeySize=2048 -Djava.protocol.handler.pkgs=org.apache.catalina.webresources -Dorg.apache.catalina.security.SecurityListener.UMASK=0027 -Xms512m -Xmx512m -Dignore.endorsed.dirs= -classpath /opt/tomcat-latest/bin/bootstrap.jar:/opt/tomcat-latest/bin/tomcat-juli.jar -Dcatalina.base=/opt/tomcat-latest -Dcatalina.home=/opt/tomcat-latest -Djava.io.tmpdir=/opt/tomcat-latest/temp org.apache.catalina.startup.Bootstrap start
[1;96m[1;95mjan[0m[0m         1662  0.0  0.4  13736  4332 ?        S    15:16   0:00      _ [1;34msshd[0m: jan@pts/0
[1;96m[1;95mjan[0m[0m         1663  0.0  0.2  11056  2096 pts/0    Ss   15:16   0:00          _ -bash
[1;96m[1;95mjan[0m[0m         1807  1.4  0.3   4440  3160 pts/0    S+   16:18   0:02              _ /bin/sh ./linpeas.sh
[1;96m[1;95mjan[0m[0m        24484  0.0  0.1   4440  1580 pts/0    S+   16:21   0:00              |   _ /bin/sh ./linpeas.sh
[1;96m[1;95mjan[0m[0m        24486  0.0  0.3  11872  3620 pts/0    R+   16:21   0:00              |   |   _ ps faux[1;32mwww[0m
[1;96m[1;95mjan[0m[0m        24488  0.0  0.1   4440  1580 pts/0    S+   16:21   0:00              |   _ /bin/sh ./linpeas.sh
[1;96m[1;95mjan[0m[0m         1808  0.0  0.0   8096    60 pts/0    S+   16:18   0:00              _ tee [1;31m/tmp[0m/linpeas_output.txt
[1;31mroot[0m         920  0.0  1.2 110772 12156 ?        Ssl  15:09   0:00 /usr/bin/python3 /usr/share/unattended-upgrades/unattended-upgrade-shutdown --wait-for-signal
[1;31mroot[0m         927  0.0  0.5 315120  5632 ?        Ssl  15:09   0:00 /usr/sbin/ModemManager
[1;31mroot[0m         932  0.0  0.3   6904  3200 ?        Ss   15:09   0:00 /usr/sbin/[1;32m[1;31mapache2[0m[0m -k start
[1;34m[1;32mwww-data[0m[0m     933  0.0  0.2 1211792 2764 ?        Sl   15:09   0:00  _ /usr/sbin/[1;32m[1;31mapache2[0m[0m -k start
[1;34m[1;32mwww-data[0m[0m     934  0.0  0.2 1211792 2832 ?        Sl   15:09   0:00  _ /usr/sbin/[1;32m[1;31mapache2[0m[0m -k start
[1;34m[1;32mwww-data[0m[0m     991  0.0  0.0   3612   172 ?        Ss   15:09   0:00 /usr/bin/htcacheclean -d 120 -p /var/cache/[1;32m[1;31mapache2[0m[0m/mod_cache_disk -l 300M -n
[1;31mroot[0m        1084  0.0  0.8  87620  8596 ?        Ss   15:09   0:00 /usr/sbin/smbd --foreground --no-process-group
[1;31mroot[0m        1098  0.0  0.3  85252  3804 ?        S    15:09   0:00  _ /usr/sbin/smbd --foreground --no-process-group
[1;31mroot[0m        1099  0.0  0.3  85244  3432 ?        S    15:09   0:00  _ /usr/sbin/smbd --foreground --no-process-group
[1;31mroot[0m        1103  0.0  0.9  86856  9220 ?        S    15:09   0:00  _ /usr/lib/x86_64-linux-gnu/samba/samba-bgqd --ready-signal-fd=46 --parent-watch-fd=12 --debuglevel=0 -F
[1;96m[1;95mjan[0m[0m         1584  0.0  0.7  19172  6740 ?        Ss   15:16   0:00 /lib/[1;34msys[0mtemd/systemd --user
[1;96m[1;95mjan[0m[0m         1585  0.0  0.2 105336  2116 ?        S    15:16   0:00  _ (sd-pam)
[1;96m[1;95mjan[0m[0m        23792  0.0  0.4   7336  4104 ?        Ss   16:21   0:00  _ /usr/bin/dbus-[1;34m[1;32mdaemon[0m[0m --session --address=systemd: --nofork --nopidfile --systemd-activation --syslog-only

[1;34m‘Úˆ‘Ú…‘Ú…‘Ú…‘Ú…‘Ú…‘Ú…‘Ú…‘Ú…‘Ú…‘Ú…‘Ú˙ [1;32mProcesses with unusual configurations [1;90m(T1057)
[0m
[1;34m‘Úˆ‘Ú…‘Ú…‘Ú…‘Ú…‘Ú…‘Ú…‘Ú…‘Ú…‘Ú…‘Ú…‘Ú˙ [1;32mProcesses with credentials in memory (root req) [1;90m(T1003.007)
[0m[1;34m‘Ú‹ [1;34m[3mhttps://book.hacktricks.wiki/en/linux-hardening/linux-basics/linux-privilege-escalation/index.html#credentials-from-process-memory
[0m[1;90mgdm-password Not Found
[0m[1;90mgnome-keyring-daemon Not Found
[0m[1;90mlightdm Not Found
[0m[1;90mvsftpd Not Found
[0m[1;31mapache2[0m process found (dump creds from memory as root)
[1;31msshd:[0m process found (dump creds from memory as root)
[1;90mmysql Not Found
[0m[1;90mpostgres Not Found
[0m[1;90mredis-server Not Found
[0m[1;90mmongod Not Found
[0m[1;90mmemcached Not Found
[0m[1;90melasticsearch Not Found
[0m[1;90mjenkins Not Found
[0m[1;31mtomcat[0m process found (dump creds from memory as root)
[1;90mnginx Not Found
[0m[1;90mphp-fpm Not Found
[0m[1;90msupervisord Not Found
[0m[1;90mvncserver Not Found
[0m[1;90mxrdp Not Found
[0m[1;90mteamviewer Not Found
[0m
[1;34m‘Úˆ‘Ú…‘Ú…‘Ú…‘Ú…‘Ú…‘Ú…‘Ú…‘Ú…‘Ú…‘Ú…‘Ú˙ [1;32mOpened Files by processes [1;90m(T1003.007)
[0mProcess 1584 ([1;96m[1;95mjan[0m[0m) - /lib/[1;34msys[0mtemd/systemd --user 
  ‘ˆˆ‘ˆ« Has open files:
    ‘ˆˆ‘ˆ« /proc/1584/mountinfo
    ‘ˆˆ‘ˆ« /proc/swaps
    ‘ˆˆ‘ˆ« /[1;34msys[0m/fs/cgroup/unified/user.slice/user-1001.slice/user@1001.service
Process 1663 ([1;96m[1;95mjan[0m[0m) - -bash 
  ‘ˆˆ‘ˆ« Has open files:
    ‘ˆˆ‘ˆ« /dev/pts/0
Process 1808 ([1;96m[1;95mjan[0m[0m) - tee /tmp/linpeas_output.txt 
  ‘ˆˆ‘ˆ« Has open files:
    ‘ˆˆ‘ˆ« pipe:[39051]
    ‘ˆˆ‘ˆ« /dev/pts/0
    ‘ˆˆ‘ˆ« /tmp/linpeas_output.txt

[1;34m‘Úˆ‘Ú…‘Ú…‘Ú…‘Ú…‘Ú…‘Ú…‘Ú…‘Ú…‘Ú…‘Ú…‘Ú˙ [1;32mProcesses with memory-mapped credential files [1;90m(T1003.007)
[0m
[1;34m‘Úˆ‘Ú…‘Ú…‘Ú…‘Ú…‘Ú…‘Ú…‘Ú…‘Ú…‘Ú…‘Ú…‘Ú˙ [1;32mProcesses whose PPID belongs to a different user (not root) [1;90m(T1134.004)
[0m[1;34m‘Ú‹ [1;34m[3mYou will know if a user can somehow spawn processes as a different user
[0m
[1;34m‘Úˆ‘Ú…‘Ú…‘Ú…‘Ú…‘Ú…‘Ú…‘Ú…‘Ú…‘Ú…‘Ú…‘Ú˙ [1;32mFiles opened by processes belonging to other users [1;90m(T1083)
[0m[1;34m‘Ú‹ [1;34m[3mThis is usually empty because of the lack of privileges to read other user processes information
[0m
[1;34m‘Úˆ‘Ú…‘Ú…‘Ú…‘Ú…‘Ú…‘Ú…‘Ú…‘Ú…‘Ú…‘Ú…‘Ú˙ [1;32mCheck for vulnerable cron jobs [1;90m(T1053.003)
[0m[1;34m‘Ú‹ [1;34m[3mhttps://book.hacktricks.wiki/en/linux-hardening/processes-crontab-systemd-dbus/cron-and-systemd-timers.html#enumerate-schedules
[0m[1;34m‘Ú…‘Ú…‘Ú˙ [1;32mCron jobs list [1;90m(T1053.003)
[0m/usr/bin/crontab
[1;90mincrontab Not Found
[0m[1;32m[0m-[1;32m[0mr[1;32m[0mw[1;32m[0m-[1;32m[0mr[1;32m[0m-[1;32m[0m-[1;32m[0mr[1;32m[0m-[1;32m[0m-[1;32m[0m [1;32m[0m1[1;32m[0m [1;32m[0mr[1;32m[0mo[1;32m[0mo[1;32m[0mt[1;32m[0m [1;32m[0mr[1;32m[0mo[1;32m[0mo[1;32m[0mt[1;32m[0m [1;32m[0m [1;32m[0m [1;32m[0m [1;32m[0m1[1;32m[0m0[1;32m[0m4[1;32m[0m2[1;32m[0m [1;32m[0mF[1;32m[0me[1;32m[0mb[1;32m[0m [1;32m[0m1[1;32m[0m3[1;32m[0m [1;32m[0m [1;32m[0m2[1;32m[0m0[1;32m[0m2[1;32m[0m0[1;32m[0m [1;32m[0m/[1;32m[0me[1;32m[0mt[1;32m[0mc[1;32m[0m/[1;32m[0mc[1;32m[0mr[1;32m[0mo[1;32m[0mn[1;32m[0mt[1;32m[0ma[1;32m[0mb[1;32m[0m
[1;32m[0m
[1;32m[0m/[1;32m[0me[1;32m[0mt[1;32m[0mc[1;32m[0m/[1;32m[0mc[1;32m[0mr[1;32m[0mo[1;32m[0mn[1;32m[0m.[1;32m[0md[1;32m[0m:[1;32m[0m
[1;32m[0mt[1;32m[0mo[1;32m[0mt[1;32m[0ma[1;32m[0ml[1;32m[0m [1;32m[0m2[1;32m[0m8[1;32m[0m
[1;32m[0md[1;32m[0mr[1;32m[0mw[1;32m[0mx[1;32m[0mr[1;32m[0m-[1;32m[0mx[1;32m[0mr[1;32m[0m-[1;32m[0mx[1;32m[0m [1;32m[0m [1;32m[0m [1;32m[0m2[1;32m[0m [1;32m[0mr[1;32m[0mo[1;32m[0mo[1;32m[0mt[1;32m[0m [1;32m[0mr[1;32m[0mo[1;32m[0mo[1;32m[0mt[1;32m[0m [1;32m[0m [1;32m[0m4[1;32m[0m0[1;32m[0m9[1;32m[0m6[1;32m[0m [1;32m[0mJ[1;32m[0mu[1;32m[0mn[1;32m[0m [1;32m[0m2[1;32m[0m2[1;32m[0m [1;32m[0m [1;32m[0m2[1;32m[0m0[1;32m[0m2[1;32m[0m5[1;32m[0m [1;32m[0m.[1;32m[0m
[1;32m[0md[1;32m[0mr[1;32m[0mw[1;32m[0mx[1;32m[0mr[1;32m[0m-[1;32m[0mx[1;32m[0mr[1;32m[0m-[1;32m[0mx[1;32m[0m [1;32m[0m1[1;32m[0m2[1;32m[0m5[1;32m[0m [1;32m[0mr[1;32m[0mo[1;32m[0mo[1;32m[0mt[1;32m[0m [1;32m[0mr[1;32m[0mo[1;32m[0mo[1;32m[0mt[1;32m[0m [1;32m[0m1[1;32m[0m2[1;32m[0m2[1;32m[0m8[1;32m[0m8[1;32m[0m [1;32m[0mO[1;32m[0mc[1;32m[0mt[1;32m[0m [1;32m[0m [1;32m[0m6[1;32m[0m [1;32m[0m1[1;32m[0m5[1;32m[0m:[1;32m[0m0[1;32m[0m9[1;32m[0m [1;32m[0m.[1;32m[0m.[1;32m[0m
[1;32m[0m-[1;32m[0mr[1;32m[0mw[1;32m[0m-[1;32m[0mr[1;32m[0m-[1;32m[0m-[1;32m[0mr[1;32m[0m-[1;32m[0m-[1;32m[0m [1;32m[0m [1;32m[0m [1;32m[0m1[1;32m[0m [1;32m[0mr[1;32m[0mo[1;32m[0mo[1;32m[0mt[1;32m[0m [1;32m[0mr[1;32m[0mo[1;32m[0mo[1;32m[0mt[1;32m[0m [1;32m[0m [1;32m[0m [1;32m[0m2[1;32m[0m0[1;32m[0m1[1;32m[0m [1;32m[0mO[1;32m[0mc[1;32m[0mt[1;32m[0m [1;32m[0m [1;32m[0m8[1;32m[0m [1;32m[0m [1;32m[0m2[1;32m[0m0[1;32m[0m2[1;32m[0m3[1;32m[0m [1;32me2scrub_all[0m
[1;32m[0m-[1;32m[0mr[1;32m[0mw[1;32m[0m-[1;32m[0mr[1;32m[0m-[1;32m[0m-[1;32m[0mr[1;32m[0m-[1;32m[0m-[1;32m[0m [1;32m[0m [1;32m[0m [1;32m[0m1[1;32m[0m [1;32m[0mr[1;32m[0mo[1;32m[0mo[1;32m[0mt[1;32m[0m [1;32m[0mr[1;32m[0mo[1;32m[0mo[1;32m[0mt[1;32m[0m [1;32m[0m [1;32m[0m [1;32m[0m1[1;32m[0m0[1;32m[0m2[1;32m[0m [1;32m[0mA[1;32m[0mp[1;32m[0mr[1;32m[0m [1;32m[0m [1;32m[0m5[1;32m[0m [1;32m[0m [1;32m[0m2[1;32m[0m0[1;32m[0m1[1;32m[0m6[1;32m[0m [1;32m.placeholder[0m
[1;32m[0m-[1;32m[0mr[1;32m[0mw[1;32m[0m-[1;32m[0mr[1;32m[0m-[1;32m[0m-[1;32m[0mr[1;32m[0m-[1;32m[0m-[1;32m[0m [1;32m[0m [1;32m[0m [1;32m[0m1[1;32m[0m [1;32m[0mr[1;32m[0mo[1;32m[0mo[1;32m[0mt[1;32m[0m [1;32m[0mr[1;32m[0mo[1;32m[0mo[1;32m[0mt[1;32m[0m [1;32m[0m [1;32m[0m [1;32m[0m1[1;32m[0m9[1;32m[0m0[1;32m[0m [1;32m[0mA[1;32m[0mp[1;32m[0mr[1;32m[0m [1;32m[0m1[1;32m[0m7[1;32m[0m [1;32m[0m [1;32m[0m2[1;32m[0m0[1;32m[0m1[1;32m[0m8[1;32m[0m [1;32mpopularity-contest[0m
[1;32m[0m
[1;32m[0m/[1;32m[0me[1;32m[0mt[1;32m[0mc[1;32m[0m/[1;32m[0mc[1;32m[0mr[1;32m[0mo[1;32m[0mn[1;32m[0m.[1;32m[0md[1;32m[0ma[1;32m[0mi[1;32m[0ml[1;32m[0my[1;32m[0m:[1;32m[0m
[1;32m[0mt[1;32m[0mo[1;32m[0mt[1;32m[0ma[1;32m[0ml[1;32m[0m [1;32m[0m6[1;32m[0m8[1;32m[0m
[1;32m[0md[1;32m[0mr[1;32m[0mw[1;32m[0mx[1;32m[0mr[1;32m[0m-[1;32m[0mx[1;32m[0mr[1;32m[0m-[1;32m[0mx[1;32m[0m [1;32m[0m [1;32m[0m [1;32m[0m2[1;32m[0m [1;32m[0mr[1;32m[0mo[1;32m[0mo[1;32m[0mt[1;32m[0m [1;32m[0mr[1;32m[0mo[1;32m[0mo[1;32m[0mt[1;32m[0m [1;32m[0m [1;32m[0m4[1;32m[0m0[1;32m[0m9[1;32m[0m6[1;32m[0m [1;32m[0mJ[1;32m[0mu[1;32m[0mn[1;32m[0m [1;32m[0m2[1;32m[0m2[1;32m[0m [1;32m[0m [1;32m[0m2[1;32m[0m0[1;32m[0m2[1;32m[0m5[1;32m[0m [1;32m[0m.[1;32m[0m
[1;32m[0md[1;32m[0mr[1;32m[0mw[1;32m[0mx[1;32m[0mr[1;32m[0m-[1;32m[0mx[1;32m[0mr[1;32m[0m-[1;32m[0mx[1;32m[0m [1;32m[0m1[1;32m[0m2[1;32m[0m5[1;32m[0m [1;32m[0mr[1;32m[0mo[1;32m[0mo[1;32m[0mt[1;32m[0m [1;32m[0mr[1;32m[0mo[1;32m[0mo[1;32m[0mt[1;32m[0m [1;32m[0m1[1;32m[0m2[1;32m[0m2[1;32m[0m8[1;32m[0m8[1;32m[0m [1;32m[0mO[1;32m[0mc[1;32m[0mt[1;32m[0m [1;32m[0m [1;32m[0m6[1;32m[0m [1;32m[0m1[1;32m[0m5[1;32m[0m:[1;32m[0m0[1;32m[0m9[1;32m[0m [1;32m[0m.[1;32m[0m.[1;32m[0m
[1;32m[0m-[1;32m[0mr[1;32m[0mw[1;32m[0mx[1;32m[0mr[1;32m[0m-[1;32m[0mx[1;32m[0mr[1;32m[0m-[1;32m[0mx[1;32m[0m [1;32m[0m [1;32m[0m [1;32m[0m1[1;32m[0m [1;32m[0mr[1;32m[0mo[1;32m[0mo[1;32m[0mt[1;32m[0m [1;32m[0mr[1;32m[0mo[1;32m[0mo[1;32m[0mt[1;32m[0m [1;32m[0m [1;32m[0m [1;32m[0m5[1;32m[0m3[1;32m[0m9[1;32m[0m [1;32m[0mA[1;32m[0mp[1;32m[0mr[1;32m[0m [1;32m[0m [1;32m[0m5[1;32m[0m [1;32m[0m [1;32m[0m2[1;32m[0m0[1;32m[0m1[1;32m[0m6[1;32m[0m [1;32mapache2[0m
[1;32m[0m-[1;32m[0mr[1;32m[0mw[1;32m[0mx[1;32m[0mr[1;32m[0m-[1;32m[0mx[1;32m[0mr[1;32m[0m-[1;32m[0mx[1;32m[0m [1;32m[0m [1;32m[0m [1;32m[0m1[1;32m[0m [1;32m[0mr[1;32m[0mo[1;32m[0mo[1;32m[0mt[1;32m[0m [1;32m[0mr[1;32m[0mo[1;32m[0mo[1;32m[0mt[1;32m[0m [1;32m[0m [1;32m[0m [1;32m[0m3[1;32m[0m7[1;32m[0m6[1;32m[0m [1;32m[0mM[1;32m[0ma[1;32m[0mr[1;32m[0m [1;32m[0m3[1;32m[0m1[1;32m[0m [1;32m[0m [1;32m[0m2[1;32m[0m0[1;32m[0m1[1;32m[0m6[1;32m[0m [1;32mapport[0m
[1;32m[0m-[1;32m[0mr[1;32m[0mw[1;32m[0mx[1;32m[0mr[1;32m[0m-[1;32m[0mx[1;32m[0mr[1;32m[0m-[1;32m[0mx[1;32m[0m [1;32m[0m [1;32m[0m [1;32m[0m1[1;32m[0m [1;32m[0mr[1;32m[0mo[1;32m[0mo[1;32m[0mt[1;32m[0m [1;32m[0mr[1;32m[0mo[1;32m[0mo[1;32m[0mt[1;32m[0m [1;32m[0m [1;32m[0m1[1;32m[0m4[1;32m[0m7[1;32m[0m8[1;32m[0m [1;32m[0mA[1;32m[0mu[1;32m[0mg[1;32m[0m [1;32m[0m1[1;32m[0m2[1;32m[0m [1;32m[0m [1;32m[0m2[1;32m[0m0[1;32m[0m2[1;32m[0m2[1;32m[0m [1;32mapt-compat[0m
[1;32m[0m-[1;32m[0mr[1;32m[0mw[1;32m[0mx[1;32m[0mr[1;32m[0m-[1;32m[0mx[1;32m[0mr[1;32m[0m-[1;32m[0mx[1;32m[0m [1;32m[0m [1;32m[0m [1;32m[0m1[1;32m[0m [1;32m[0mr[1;32m[0mo[1;32m[0mo[1;32m[0mt[1;32m[0m [1;32m[0mr[1;32m[0mo[1;32m[0mo[1;32m[0mt[1;32m[0m [1;32m[0m [1;32m[0m [1;32m[0m3[1;32m[0m5[1;32m[0m5[1;32m[0m [1;32m[0mM[1;32m[0ma[1;32m[0my[1;32m[0m [1;32m[0m2[1;32m[0m2[1;32m[0m [1;32m[0m [1;32m[0m2[1;32m[0m0[1;32m[0m1[1;32m[0m2[1;32m[0m [1;32mbsdmainutils[0m
[1;32m[0m-[1;32m[0mr[1;32m[0mw[1;32m[0mx[1;32m[0mr[1;32m[0m-[1;32m[0mx[1;32m[0mr[1;32m[0m-[1;32m[0mx[1;32m[0m [1;32m[0m [1;32m[0m [1;32m[0m1[1;32m[0m [1;32m[0mr[1;32m[0mo[1;32m[0mo[1;32m[0mt[1;32m[0m [1;32m[0mr[1;32m[0mo[1;32m[0mo[1;32m[0mt[1;32m[0m [1;32m[0m [1;32m[0m1[1;32m[0m1[1;32m[0m8[1;32m[0m7[1;32m[0m [1;32m[0mS[1;32m[0me[1;32m[0mp[1;32m[0m [1;32m[0m [1;32m[0m5[1;32m[0m [1;32m[0m [1;32m[0m2[1;32m[0m0[1;32m[0m1[1;32m[0m9[1;32m[0m [1;32mdpkg[0m
[1;32m[0m-[1;32m[0mr[1;32m[0mw[1;32m[0mx[1;32m[0mr[1;32m[0m-[1;32m[0mx[1;32m[0mr[1;32m[0m-[1;32m[0mx[1;32m[0m [1;32m[0m [1;32m[0m [1;32m[0m1[1;32m[0m [1;32m[0mr[1;32m[0mo[1;32m[0mo[1;32m[0mt[1;32m[0m [1;32m[0mr[1;32m[0mo[1;32m[0mo[1;32m[0mt[1;32m[0m [1;32m[0m [1;32m[0m [1;32m[0m3[1;32m[0m7[1;32m[0m7[1;32m[0m [1;32m[0mJ[1;32m[0ma[1;32m[0mn[1;32m[0m [1;32m[0m2[1;32m[0m1[1;32m[0m [1;32m[0m [1;32m[0m2[1;32m[0m0[1;32m[0m1[1;32m[0m9[1;32m[0m [1;32mlogrotate[0m
[1;32m[0m-[1;32m[0mr[1;32m[0mw[1;32m[0mx[1;32m[0mr[1;32m[0m-[1;32m[0mx[1;32m[0mr[1;32m[0m-[1;32m[0mx[1;32m[0m [1;32m[0m [1;32m[0m [1;32m[0m1[1;32m[0m [1;32m[0mr[1;32m[0mo[1;32m[0mo[1;32m[0mt[1;32m[0m [1;32m[0mr[1;32m[0mo[1;32m[0mo[1;32m[0mt[1;32m[0m [1;32m[0m [1;32m[0m1[1;32m[0m1[1;32m[0m2[1;32m[0m3[1;32m[0m [1;32m[0mF[1;32m[0me[1;32m[0mb[1;32m[0m [1;32m[0m2[1;32m[0m5[1;32m[0m [1;32m[0m [1;32m[0m2[1;32m[0m0[1;32m[0m2[1;32m[0m0[1;32m[0m [1;32mman-db[0m
[1;32m[0m-[1;32m[0mr[1;32m[0mw[1;32m[0mx[1;32m[0mr[1;32m[0m-[1;32m[0mx[1;32m[0mr[1;32m[0m-[1;32m[0mx[1;32m[0m [1;32m[0m [1;32m[0m [1;32m[0m1[1;32m[0m [1;32m[0mr[1;32m[0mo[1;32m[0mo[1;32m[0mt[1;32m[0m [1;32m[0mr[1;32m[0mo[1;32m[0mo[1;32m[0mt[1;32m[0m [1;32m[0m [1;32m[0m [1;32m[0m5[1;32m[0m4[1;32m[0m3[1;32m[0m [1;32m[0mJ[1;32m[0mu[1;32m[0ml[1;32m[0m [1;32m[0m1[1;32m[0m6[1;32m[0m [1;32m[0m [1;32m[0m2[1;32m[0m0[1;32m[0m1[1;32m[0m9[1;32m[0m [1;32mmlocate[0m
[1;32m[0m-[1;32m[0mr[1;32m[0mw[1;32m[0m-[1;32m[0mr[1;32m[0m-[1;32m[0m-[1;32m[0mr[1;32m[0m-[1;32m[0m-[1;32m[0m [1;32m[0m [1;32m[0m [1;32m[0m1[1;32m[0m [1;32m[0mr[1;32m[0mo[1;32m[0mo[1;32m[0mt[1;32m[0m [1;32m[0mr[1;32m[0mo[1;32m[0mo[1;32m[0mt[1;32m[0m [1;32m[0m [1;32m[0m [1;32m[0m1[1;32m[0m0[1;32m[0m2[1;32m[0m [1;32m[0mA[1;32m[0mp[1;32m[0mr[1;32m[0m [1;32m[0m [1;32m[0m5[1;32m[0m [1;32m[0m [1;32m[0m2[1;32m[0m0[1;32m[0m1[1;32m[0m6[1;32m[0m [1;32m.placeholder[0m
[1;32m[0m-[1;32m[0mr[1;32m[0mw[1;32m[0mx[1;32m[0mr[1;32m[0m-[1;32m[0mx[1;32m[0mr[1;32m[0m-[1;32m[0mx[1;32m[0m [1;32m[0m [1;32m[0m [1;32m[0m1[1;32m[0m [1;32m[0mr[1;32m[0mo[1;32m[0mo[1;32m[0mt[1;32m[0m [1;32m[0mr[1;32m[0mo[1;32m[0mo[1;32m[0mt[1;32m[0m [1;32m[0m [1;32m[0m4[1;32m[0m5[1;32m[0m7[1;32m[0m4[1;32m[0m [1;32m[0mJ[1;32m[0mu[1;32m[0ml[1;32m[0m [1;32m[0m1[1;32m[0m8[1;32m[0m [1;32m[0m [1;32m[0m2[1;32m[0m0[1;32m[0m1[1;32m[0m9[1;32m[0m [1;32mpopularity-contest[0m
[1;32m[0m-[1;32m[0mr[1;32m[0mw[1;32m[0mx[1;32m[0mr[1;32m[0m-[1;32m[0mx[1;32m[0mr[1;32m[0m-[1;32m[0mx[1;32m[0m [1;32m[0m [1;32m[0m [1;32m[0m1[1;32m[0m [1;32m[0mr[1;32m[0mo[1;32m[0mo[1;32m[0mt[1;32m[0m [1;32m[0mr[1;32m[0mo[1;32m[0mo[1;32m[0mt[1;32m[0m [1;32m[0m [1;32m[0m [1;32m[0m3[1;32m[0m8[1;32m[0m3[1;32m[0m [1;32m[0mM[1;32m[0ma[1;32m[0mr[1;32m[0m [1;32m[0m [1;32m[0m7[1;32m[0m [1;32m[0m [1;32m[0m2[1;32m[0m0[1;32m[0m1[1;32m[0m6[1;32m[0m [1;32msamba[0m
[1;32m[0m-[1;32m[0mr[1;32m[0mw[1;32m[0mx[1;32m[0mr[1;32m[0m-[1;32m[0mx[1;32m[0mr[1;32m[0m-[1;32m[0mx[1;32m[0m [1;32m[0m [1;32m[0m [1;32m[0m1[1;32m[0m [1;32m[0mr[1;32m[0mo[1;32m[0mo[1;32m[0mt[1;32m[0m [1;32m[0mr[1;32m[0mo[1;32m[0mo[1;32m[0mt[1;32m[0m [1;32m[0m [1;32m[0m [1;32m[0m2[1;32m[0m1[1;32m[0m4[1;32m[0m [1;32m[0mM[1;32m[0ma[1;32m[0my[1;32m[0m [1;32m[0m2[1;32m[0m4[1;32m[0m [1;32m[0m [1;32m[0m2[1;32m[0m0[1;32m[0m1[1;32m[0m6[1;32m[0m [1;32mupdate-notifier-common[0m
[1;32m[0m
[1;32m[0m/[1;32m[0me[1;32m[0mt[1;32m[0mc[1;32m[0m/[1;32m[0mc[1;32m[0mr[1;32m[0mo[1;32m[0mn[1;32m[0m.[1;32m[0mh[1;32m[0mo[1;32m[0mu[1;32m[0mr[1;32m[0ml[1;32m[0my[1;32m[0m:[1;32m[0m
[1;32m[0mt[1;32m[0mo[1;32m[0mt[1;32m[0ma[1;32m[0ml[1;32m[0m [1;32m[0m2[1;32m[0m0[1;32m[0m
[1;32m[0md[1;32m[0mr[1;32m[0mw[1;32m[0mx[1;32m[0mr[1;32m[0m-[1;32m[0mx[1;32m[0mr[1;32m[0m-[1;32m[0mx[1;32m[0m [1;32m[0m [1;32m[0m [1;32m[0m2[1;32m[0m [1;32m[0mr[1;32m[0mo[1;32m[0mo[1;32m[0mt[1;32m[0m [1;32m[0mr[1;32m[0mo[1;32m[0mo[1;32m[0mt[1;32m[0m [1;32m[0m [1;32m[0m4[1;32m[0m0[1;32m[0m9[1;32m[0m6[1;32m[0m [1;32m[0mJ[1;32m[0mu[1;32m[0mn[1;32m[0m [1;32m[0m2[1;32m[0m2[1;32m[0m [1;32m[0m [1;32m[0m2[1;32m[0m0[1;32m[0m2[1;32m[0m5[1;32m[0m [1;32m[0m.[1;32m[0m
[1;32m[0md[1;32m[0mr[1;32m[0mw[1;32m[0mx[1;32m[0mr[1;32m[0m-[1;32m[0mx[1;32m[0mr[1;32m[0m-[1;32m[0mx[1;32m[0m [1;32m[0m1[1;32m[0m2[1;32m[0m5[1;32m[0m [1;32m[0mr[1;32m[0mo[1;32m[0mo[1;32m[0mt[1;32m[0m [1;32m[0mr[1;32m[0mo[1;32m[0mo[1;32m[0mt[1;32m[0m [1;32m[0m1[1;32m[0m2[1;32m[0m2[1;32m[0m8[1;32m[0m8[1;32m[0m [1;32m[0mO[1;32m[0mc[1;32m[0mt[1;32m[0m [1;32m[0m [1;32m[0m6[1;32m[0m [1;32m[0m1[1;32m[0m5[1;32m[0m:[1;32m[0m0[1;32m[0m9[1;32m[0m [1;32m[0m.[1;32m[0m.[1;32m[0m
[1;32m[0m-[1;32m[0mr[1;32m[0mw[1;32m[0m-[1;32m[0mr[1;32m[0m-[1;32m[0m-[1;32m[0mr[1;32m[0m-[1;32m[0m-[1;32m[0m [1;32m[0m [1;32m[0m [1;32m[0m1[1;32m[0m [1;32m[0mr[1;32m[0mo[1;32m[0mo[1;32m[0mt[1;32m[0m [1;32m[0mr[1;32m[0mo[1;32m[0mo[1;32m[0mt[1;32m[0m [1;32m[0m [1;32m[0m [1;32m[0m1[1;32m[0m0[1;32m[0m2[1;32m[0m [1;32m[0mA[1;32m[0mp[1;32m[0mr[1;32m[0m [1;32m[0m [1;32m[0m5[1;32m[0m [1;32m[0m [1;32m[0m2[1;32m[0m0[1;32m[0m1[1;32m[0m6[1;32m[0m [1;32m.placeholder[0m
[1;32m[0m
[1;32m[0m/[1;32m[0me[1;32m[0mt[1;32m[0mc[1;32m[0m/[1;32m[0mc[1;32m[0mr[1;32m[0mo[1;32m[0mn[1;32m[0m.[1;32m[0mm[1;32m[0mo[1;32m[0mn[1;32m[0mt[1;32m[0mh[1;32m[0ml[1;32m[0my[1;32m[0m:[1;32m[0m
[1;32m[0mt[1;32m[0mo[1;32m[0mt[1;32m[0ma[1;32m[0ml[1;32m[0m [1;32m[0m2[1;32m[0m0[1;32m[0m
[1;32m[0md[1;32m[0mr[1;32m[0mw[1;32m[0mx[1;32m[0mr[1;32m[0m-[1;32m[0mx[1;32m[0mr[1;32m[0m-[1;32m[0mx[1;32m[0m [1;32m[0m [1;32m[0m [1;32m[0m2[1;32m[0m [1;32m[0mr[1;32m[0mo[1;32m[0mo[1;32m[0mt[1;32m[0m [1;32m[0mr[1;32m[0mo[1;32m[0mo[1;32m[0mt[1;32m[0m [1;32m[0m [1;32m[0m4[1;32m[0m0[1;32m[0m9[1;32m[0m6[1;32m[0m [1;32m[0mJ[1;32m[0mu[1;32m[0mn[1;32m[0m [1;32m[0m2[1;32m[0m2[1;32m[0m [1;32m[0m [1;32m[0m2[1;32m[0m0[1;32m[0m2[1;32m[0m5[1;32m[0m [1;32m[0m.[1;32m[0m
[1;32m[0md[1;32m[0mr[1;32m[0mw[1;32m[0mx[1;32m[0mr[1;32m[0m-[1;32m[0mx[1;32m[0mr[1;32m[0m-[1;32m[0mx[1;32m[0m [1;32m[0m1[1;32m[0m2[1;32m[0m5[1;32m[0m [1;32m[0mr[1;32m[0mo[1;32m[0mo[1;32m[0mt[1;32m[0m [1;32m[0mr[1;32m[0mo[1;32m[0mo[1;32m[0mt[1;32m[0m [1;32m[0m1[1;32m[0m2[1;32m[0m2[1;32m[0m8[1;32m[0m8[1;32m[0m [1;32m[0mO[1;32m[0mc[1;32m[0mt[1;32m[0m [1;32m[0m [1;32m[0m6[1;32m[0m [1;32m[0m1[1;32m[0m5[1;32m[0m:[1;32m[0m0[1;32m[0m9[1;32m[0m [1;32m[0m.[1;32m[0m.[1;32m[0m
[1;32m[0m-[1;32m[0mr[1;32m[0mw[1;32m[0m-[1;32m[0mr[1;32m[0m-[1;32m[0m-[1;32m[0mr[1;32m[0m-[1;32m[0m-[1;32m[0m [1;32m[0m [1;32m[0m [1;32m[0m1[1;32m[0m [1;32m[0mr[1;32m[0mo[1;32m[0mo[1;32m[0mt[1;32m[0m [1;32m[0mr[1;32m[0mo[1;32m[0mo[1;32m[0mt[1;32m[0m [1;32m[0m [1;32m[0m [1;32m[0m1[1;32m[0m0[1;32m[0m2[1;32m[0m [1;32m[0mA[1;32m[0mp[1;32m[0mr[1;32m[0m [1;32m[0m [1;32m[0m5[1;32m[0m [1;32m[0m [1;32m[0m2[1;32m[0m0[1;32m[0m1[1;32m[0m6[1;32m[0m [1;32m.placeholder[0m
[1;32m[0m
[1;32m[0m/[1;32m[0me[1;32m[0mt[1;32m[0mc[1;32m[0m/[1;32m[0mc[1;32m[0mr[1;32m[0mo[1;32m[0mn[1;32m[0m.[1;32m[0mw[1;32m[0me[1;32m[0me[1;32m[0mk[1;32m[0ml[1;32m[0my[1;32m[0m:[1;32m[0m
[1;32m[0mt[1;32m[0mo[1;32m[0mt[1;32m[0ma[1;32m[0ml[1;32m[0m [1;32m[0m2[1;32m[0m8[1;32m[0m
[1;32m[0md[1;32m[0mr[1;32m[0mw[1;32m[0mx[1;32m[0mr[1;32m[0m-[1;32m[0mx[1;32m[0mr[1;32m[0m-[1;32m[0mx[1;32m[0m [1;32m[0m [1;32m[0m [1;32m[0m2[1;32m[0m [1;32m[0mr[1;32m[0mo[1;32m[0mo[1;32m[0mt[1;32m[0m [1;32m[0mr[1;32m[0mo[1;32m[0mo[1;32m[0mt[1;32m[0m [1;32m[0m [1;32m[0m4[1;32m[0m0[1;32m[0m9[1;32m[0m6[1;32m[0m [1;32m[0mJ[1;32m[0mu[1;32m[0mn[1;32m[0m [1;32m[0m2[1;32m[0m2[1;32m[0m [1;32m[0m [1;32m[0m2[1;32m[0m0[1;32m[0m2[1;32m[0m5[1;32m[0m [1;32m[0m.[1;32m[0m
[1;32m[0md[1;32m[0mr[1;32m[0mw[1;32m[0mx[1;32m[0mr[1;32m[0m-[1;32m[0mx[1;32m[0mr[1;32m[0m-[1;32m[0mx[1;32m[0m [1;32m[0m1[1;32m[0m2[1;32m[0m5[1;32m[0m [1;32m[0mr[1;32m[0mo[1;32m[0mo[1;32m[0mt[1;32m[0m [1;32m[0mr[1;32m[0mo[1;32m[0mo[1;32m[0mt[1;32m[0m [1;32m[0m1[1;32m[0m2[1;32m[0m2[1;32m[0m8[1;32m[0m8[1;32m[0m [1;32m[0mO[1;32m[0mc[1;32m[0mt[1;32m[0m [1;32m[0m [1;32m[0m6[1;32m[0m [1;32m[0m1[1;32m[0m5[1;32m[0m:[1;32m[0m0[1;32m[0m9[1;32m[0m [1;32m[0m.[1;32m[0m.[1;32m[0m
[1;32m[0m-[1;32m[0mr[1;32m[0mw[1;32m[0mx[1;32m[0mr[1;32m[0m-[1;32m[0mx[1;32m[0mr[1;32m[0m-[1;32m[0mx[1;32m[0m [1;32m[0m [1;32m[0m [1;32m[0m1[1;32m[0m [1;32m[0mr[1;32m[0mo[1;32m[0mo[1;32m[0mt[1;32m[0m [1;32m[0mr[1;32m[0mo[1;32m[0mo[1;32m[0mt[1;32m[0m [1;32m[0m [1;32m[0m [1;32m[0m8[1;32m[0m1[1;32m[0m3[1;32m[0m [1;32m[0mF[1;32m[0me[1;32m[0mb[1;32m[0m [1;32m[0m2[1;32m[0m5[1;32m[0m [1;32m[0m [1;32m[0m2[1;32m[0m0[1;32m[0m2[1;32m[0m0[1;32m[0m [1;32mman-db[0m
[1;32m[0m-[1;32m[0mr[1;32m[0mw[1;32m[0m-[1;32m[0mr[1;32m[0m-[1;32m[0m-[1;32m[0mr[1;32m[0m-[1;32m[0m-[1;32m[0m [1;32m[0m [1;32m[0m [1;32m[0m1[1;32m[0m [1;32m[0mr[1;32m[0mo[1;32m[0mo[1;32m[0mt[1;32m[0m [1;32m[0mr[1;32m[0mo[1;32m[0mo[1;32m[0mt[1;32m[0m [1;32m[0m [1;32m[0m [1;32m[0m1[1;32m[0m0[1;32m[0m2[1;32m[0m [1;32m[0mA[1;32m[0mp[1;32m[0mr[1;32m[0m [1;32m[0m [1;32m[0m5[1;32m[0m [1;32m[0m [1;32m[0m2[1;32m[0m0[1;32m[0m1[1;32m[0m6[1;32m[0m [1;32m.placeholder[0m
[1;32m[0m-[1;32m[0mr[1;32m[0mw[1;32m[0mx[1;32m[0mr[1;32m[0m-[1;32m[0mx[1;32m[0mr[1;32m[0m-[1;32m[0mx[1;32m[0m [1;32m[0m [1;32m[0m [1;32m[0m1[1;32m[0m [1;32m[0mr[1;32m[0mo[1;32m[0mo[1;32m[0mt[1;32m[0m [1;32m[0mr[1;32m[0mo[1;32m[0mo[1;32m[0mt[1;32m[0m [1;32m[0m [1;32m[0m [1;32m[0m4[1;32m[0m0[1;32m[0m3[1;32m[0m [1;32m[0mM[1;32m[0ma[1;32m[0mr[1;32m[0m [1;32m[0m [1;32m[0m4[1;32m[0m [1;32m[0m [1;32m[0m2[1;32m[0m0[1;32m[0m2[1;32m[0m4[1;32m[0m [1;32mupdate-notifier-common[0m

SHELL=/bin/sh
PATH=/usr/local/s[1;34mbin:[0m/usr/local/bin:/sbin:/bin:/usr/sbin:/usr/bin

17 *	* * *	[1;31mroot[0m    cd / && run-parts --report /etc/cron.hourly
25 6	* * *	[1;31mroot[0m	test -x /usr/sbin/anacron || ( cd / && run-parts --report /etc/cron.daily )
47 6	* * 7	[1;31mroot[0m	test -x /usr/sbin/anacron || ( cd / && run-parts --report /etc/cron.weekly )
52 6	1 * *	[1;31mroot[0m	test -x /usr/sbin/anacron || ( cd / && run-parts --report /etc/cron.monthly )
/etc/crontab:8:PATH=/usr/local/sbin:/usr/local/bin:/sbin:/bin:/usr/sbin:/usr/bin
/etc/cron.d/popularity-contest:2:PATH=/usr/local/sbin:/usr/local/bin:/sbin:/bin:/usr/sbin:/usr/bin
/etc/crontab:18:17 *	* * *	root    cd / && [1;31mrun-parts[0m --report /etc/cron.hourly
/etc/crontab:19:25 6	* * *	root	test -x /usr/sbin/anacron || ( cd / && [1;31mrun-parts[0m --report /etc/cron.daily )
/etc/crontab:20:47 6	* * 7	root	test -x /usr/sbin/anacron || ( cd / && [1;31mrun-parts[0m --report /etc/cron.weekly )
/etc/crontab:21:52 6	1 * *	root	test -x /usr/sbin/anacron || ( cd / && [1;31mrun-parts[0m --report /etc/cron.monthly )

[1;34m‘Ú…‘Ú…‘Ú˙ [1;32mCron files with hidden carriage returns [1;90m(T1053.003)
[0m
[1;34m‘Ú…‘Ú…‘Ú˙ [1;32mChecking for specific cron jobs vulnerabilities [1;90m(T1053.003)
[0mChecking cron directories...
[1;34m‘Ú…‘Ú…‘Ú˙ [1;32mrun-parts executable entries [1;90m(T1053.003)
[0m[/etc/cron.hourly]
[/etc/cron.daily]
/etc/cron.daily/apache2
/etc/cron.daily/apport
/etc/cron.daily/apt-compat
/etc/cron.daily/bsdmainutils
/etc/cron.daily/dpkg
/etc/cron.daily/logrotate
/etc/cron.daily/man-db
/etc/cron.daily/mlocate
/etc/cron.daily/popularity-contest
/etc/cron.daily/samba
/etc/cron.daily/update-notifier-common
[/etc/cron.weekly]
/etc/cron.weekly/man-db
/etc/cron.weekly/update-notifier-common
[/etc/cron.monthly]


[1;34m‘Úˆ‘Ú…‘Ú…‘Ú…‘Ú…‘Ú…‘Ú…‘Ú…‘Ú…‘Ú…‘Ú…‘Ú˙ [1;32mSystem timers [1;90m(T1053.003)
[0m[1;34m‘Ú‹ [1;34m[3mhttps://book.hacktricks.wiki/en/linux-hardening/processes-crontab-systemd-dbus/cron-and-systemd-timers.html#enumerate-schedules
[0m[1;34m‘Ú…‘Ú…‘Ú˙ [1;32mActive timers: [1;90m(T1053.003)
[0mNEXT                        LEFT          LAST                        PASSED               UNIT                         ACTIVATES
Tue 2026-10-06 17:21:05 EDT 59min left    Sun 2025-06-22 13:43:03 EDT 1 years 3 months ago [1;32mmotd-news.timer[0m              motd-news.service
Tue 2026-10-06 19:51:10 EDT 3h 29min left Sun 2025-06-22 13:39:00 EDT 1 years 3 months ago [1;32mapt-daily.timer[0m              apt-daily.service
Wed 2026-10-07 00:00:00 EDT 7h left       Tue 2026-10-06 15:09:28 EDT 1h 12min ago         [1;32mlogrotate.timer[0m              logrotate.service
Wed 2026-10-07 00:00:00 EDT 7h left       Tue 2026-10-06 15:09:28 EDT 1h 12min ago         [1;32mman-db.timer[0m                 man-db.service
Wed 2026-10-07 00:01:08 EDT 7h left       Sun 2025-06-22 14:30:48 EDT 1 years 3 months ago [1;32mfwupd-refresh.timer[0m          fwupd-refresh.service
Wed 2026-10-07 06:47:26 EDT 14h left      Tue 2026-10-06 15:52:13 EDT 29min ago            [1;32mapt-daily-upgrade.timer[0m      apt-daily-upgrade.service
Wed 2026-10-07 15:23:45 EDT 23h left      Tue 2026-10-06 15:23:45 EDT 58min ago            [1;32msystemd-tmpfiles-clean.timer[0m systemd-tmpfiles-clean.service
Sun 2026-10-11 03:10:06 EDT 4 days left   Tue 2026-10-06 15:09:28 EDT 1h 12min ago         [1;32me2scrub_all.timer[0m            e2scrub_all.service
Mon 2026-10-12 00:00:00 EDT 5 days left   Tue 2026-10-06 15:09:28 EDT 1h 12min ago         [1;32mfstrim.timer[0m                 fstrim.service
n/a                         n/a           n/a                         n/a                  [1;32msnapd.refresh.timer[0m
n/a                         n/a           n/a                         n/a                  [1;32msnapd.snap-repair.timer[0m      snapd.snap-repair.service
n/a                         n/a           n/a                         n/a                  [1;32mua-timer.timer[0m               ua-timer.service
n/a                         n/a           n/a                         n/a                  [1;32mureadahead-stop.timer[0m        ureadahead-stop.service
[1;34m‘Ú…‘Ú…‘Ú˙ [1;32mDisabled timers: [1;90m(T1053.003)
[0m[1;34m‘Ú…‘Ú…‘Ú˙ [1;32mAdditional timer files: [1;90m(T1053.003)
[0m
[1;34m‘Úˆ‘Ú…‘Ú…‘Ú…‘Ú…‘Ú…‘Ú…‘Ú…‘Ú…‘Ú…‘Ú…‘Ú˙ [1;32mServices and Service Files [1;90m(T1543.002,T1007)
[0m[1;34m‘Ú‹ [1;34m[3mhttps://book.hacktricks.wiki/en/linux-hardening/processes-crontab-systemd-dbus/process-enumeration-and-service-paths.html#follow-the-service-execution-chain
[0m
[1;34m‘Ú…‘Ú…‘Ú˙ [1;32mActive services: [1;90m(T1543.002,T1007)
[0m[1;32maccounts-daemon.service[0m              loaded active running Accounts Service
[1;32mapache-htcacheclean.service[0m          loaded active running Disk Cache Cleaning Daemon for Apache HTTP Server
[1;32mapache2.service[0m                      loaded active running The Apache HTTP Server
[1;90m Not Found
[0m
[1;34m‘Ú…‘Ú…‘Ú˙ [1;32mDisabled services: [1;90m(T1543.002,T1007)
[0m[1;32macpid.service[0m                          disabled enabled
[1;32mapache-htcacheclean@.service[0m           disabled enabled
[1;32mapache2@.service[0m                       disabled enabled
[1;32mconsole-getty.service[0m                  disabled disabled
[1;32mdebug-shell.service[0m                    disabled disabled
[1;32mifupdown-wait-online.service[0m           disabled enabled
[1;32miscsid.service[0m                         disabled enabled
[1;90m Not Found
[0m
[1;34m‘Ú…‘Ú…‘Ú˙ [1;32mAdditional service files: [1;90m(T1543.002,T1007)
[0m[1;32mYou can't write on systemd PATH[0m

[1;34m‘Úˆ‘Ú…‘Ú…‘Ú…‘Ú…‘Ú…‘Ú…‘Ú…‘Ú…‘Ú…‘Ú…‘Ú˙ [1;32mSystemd Information [1;90m(T1543.002)
[0m[1;34m‘Ú‹ [1;34m[3mhttps://book.hacktricks.wiki/en/linux-hardening/linux-basics/linux-privilege-escalation/index.html#systemd-path---relative-paths
[0m[1;34m‘Ú…‘Ú˙ [1;32mSystemd version and vulnerabilities? .............. [0m[0m[1;31m245.4[0m
[1;31m3.24[0m
[1;34m‘Ú…‘Ú˙ [1;32mServices running as root? ..... [0m[0m
[1;34m‘Ú…‘Ú˙ [1;32mRunning services with dangerous capabilities? ... [0m[0m
[1;34m‘Ú…‘Ú˙ [1;32mServices with writable paths? . [0m[0m[1;31matd.service: Uses relative path 'find' (from ExecStartPre=-find /var/spool/cron/atjobs -type f -name "=*" -not -newercc /run/systemd -delete)[0m

[1;34m‘Úˆ‘Ú…‘Ú…‘Ú…‘Ú…‘Ú…‘Ú…‘Ú…‘Ú…‘Ú…‘Ú…‘Ú˙ [1;32mSystemd PATH [1;90m(T1543.002)
[0m[1;34m‘Ú‹ [1;34m[3mhttps://book.hacktricks.wiki/en/linux-hardening/linux-basics/linux-privilege-escalation/index.html#systemd-path---relative-paths
[0mPATH=/usr/local/sbin:/usr/local/bin:/usr/sbin:/usr/bin:/sbin:/bin:/snap/bin

[1;34m‘Úˆ‘Ú…‘Ú…‘Ú…‘Ú…‘Ú…‘Ú…‘Ú…‘Ú…‘Ú…‘Ú…‘Ú˙ [1;32mAnalyzing .socket files [1;90m(T1559)
[0m[1;34m‘Ú‹ [1;34m[3mhttps://book.hacktricks.wiki/en/linux-hardening/network-information/local-network-and-socket-triage.html#unix-socket-interaction-and-command-injection
[0m
[1;34m‘Úˆ‘Ú…‘Ú…‘Ú…‘Ú…‘Ú…‘Ú…‘Ú…‘Ú…‘Ú…‘Ú…‘Ú˙ [1;32mUnix Sockets Analysis [1;90m(T1571,T1049)
[0m[1;34m‘Ú‹ [1;34m[3mhttps://book.hacktricks.wiki/en/linux-hardening/network-information/local-network-and-socket-triage.html#unix-socket-interaction-and-command-injection
[0m[1;31m/run/acpid.socket[0m
  ‘ˆˆ‘ˆ«([1;31mRead Write (Weak Permissions: 666) [0m)
  ‘ˆˆ‘ˆ«([1;31mOwned by root[0m)
[1;31;103m  ‘ˆˆ‘ˆ«High risk: root-owned and writable Unix socket[0m
[1;31m/run/dbus/system_bus_socket[0m
  ‘ˆˆ‘ˆ«([1;31mRead Write (Weak Permissions: 666) [0m)
  ‘ˆˆ‘ˆ«([1;31mOwned by root[0m)
[1;31;103m  ‘ˆˆ‘ˆ«High risk: root-owned and writable Unix socket[0m
[1;31m/run/irqbalance//irqbalance806.sock[0m
  ‘ˆˆ‘ˆ«([1;31mRead Execute [0m)
  ‘ˆˆ‘ˆ«([1;31mOwned by root[0m)
[1;31m/run/irqbalance/irqbalance806.sock[0m
  ‘ˆˆ‘ˆ«([1;31mRead Execute [0m)
  ‘ˆˆ‘ˆ«([1;31mOwned by root[0m)
[1;31m/run/samba/ncalrpc/DEFAULT[0m
  ‘ˆˆ‘ˆ«([1;31mRead Write Execute (Weak Permissions: 777) [0m)
  ‘ˆˆ‘ˆ«([1;31mOwned by root[0m)
[1;31;103m  ‘ˆˆ‘ˆ«High risk: root-owned and writable Unix socket[0m
[1;31m/run/samba/nmbd/unexpected[0m
  ‘ˆˆ‘ˆ«([1;31mRead Write Execute (Weak Permissions: 777) [0m)
  ‘ˆˆ‘ˆ«([1;31mOwned by root[0m)
[1;31;103m  ‘ˆˆ‘ˆ«High risk: root-owned and writable Unix socket[0m
[1;31m/run/snapd-snap.socket[0m
  ‘ˆˆ‘ˆ«([1;31mRead Write (Weak Permissions: 666) [0m)
  ‘ˆˆ‘ˆ«([1;31mOwned by root[0m)
[1;31;103m  ‘ˆˆ‘ˆ«High risk: root-owned and writable Unix socket[0m
[1;31m/run/snapd.socket[0m
  ‘ˆˆ‘ˆ«([1;31mRead Write (Weak Permissions: 666) [0m)
  ‘ˆˆ‘ˆ«([1;31mOwned by root[0m)
[1;31;103m  ‘ˆˆ‘ˆ«High risk: root-owned and writable Unix socket[0m
[1;32m/run/systemd/fsck.progress[0m
[1;31m/run/systemd/journal/dev-log[0m
  ‘ˆˆ‘ˆ«([1;31mRead Write (Weak Permissions: 666) [0m)
  ‘ˆˆ‘ˆ«([1;31mOwned by root[0m)
[1;31;103m  ‘ˆˆ‘ˆ«High risk: root-owned and writable Unix socket[0m
[1;32m/run/systemd/journal/io.systemd.journal[0m
[1;31m/run/systemd/journal/socket[0m
  ‘ˆˆ‘ˆ«([1;31mRead Write (Weak Permissions: 666) [0m)
  ‘ˆˆ‘ˆ«([1;31mOwned by root[0m)
[1;31;103m  ‘ˆˆ‘ˆ«High risk: root-owned and writable Unix socket[0m
[1;31m/run/systemd/journal/stdout[0m
  ‘ˆˆ‘ˆ«([1;31mRead Write (Weak Permissions: 666) [0m)
  ‘ˆˆ‘ˆ«([1;31mOwned by root[0m)
[1;31;103m  ‘ˆˆ‘ˆ«High risk: root-owned and writable Unix socket[0m
[1;31m/run/systemd/journal/syslog[0m
  ‘ˆˆ‘ˆ«([1;31mRead Write (Weak Permissions: 666) [0m)
  ‘ˆˆ‘ˆ«([1;31mOwned by root[0m)
[1;31;103m  ‘ˆˆ‘ˆ«High risk: root-owned and writable Unix socket[0m
[1;31m/run/systemd/notify[0m
  ‘ˆˆ‘ˆ«([1;31mRead Write Execute (Weak Permissions: 777) [0m)
  ‘ˆˆ‘ˆ«([1;31mOwned by root[0m)
[1;31;103m  ‘ˆˆ‘ˆ«High risk: root-owned and writable Unix socket[0m
[1;31m/run/systemd/private[0m
  ‘ˆˆ‘ˆ«([1;31mRead Write Execute (Weak Permissions: 777) [0m)
  ‘ˆˆ‘ˆ«([1;31mOwned by root[0m)
[1;31;103m  ‘ˆˆ‘ˆ«High risk: root-owned and writable Unix socket[0m
[1;31m/run/systemd/userdb/io.systemd.DynamicUser[0m
  ‘ˆˆ‘ˆ«([1;31mRead Write (Weak Permissions: 666) [0m)
  ‘ˆˆ‘ˆ«([1;31mOwned by root[0m)
[1;31;103m  ‘ˆˆ‘ˆ«High risk: root-owned and writable Unix socket[0m
[1;32m/run/udev/control[0m
[1;31m/run/user/1001/bus[0m
  ‘ˆˆ‘ˆ«([1;31mRead Write (Weak Permissions: 666) [0m)
[1;31m/run/user/1001/gnupg/S.dirmngr[0m
  ‘ˆˆ‘ˆ«([1;31mRead Write [0m)
[1;31m/run/user/1001/gnupg/S.gpg-agent[0m
  ‘ˆˆ‘ˆ«([1;31mRead Write [0m)
[1;31m/run/user/1001/gnupg/S.gpg-agent.browser[0m
  ‘ˆˆ‘ˆ«([1;31mRead Write [0m)
[1;31m/run/user/1001/gnupg/S.gpg-agent.extra[0m
  ‘ˆˆ‘ˆ«([1;31mRead Write [0m)
[1;31m/run/user/1001/gnupg/S.gpg-agent.ssh[0m
  ‘ˆˆ‘ˆ«([1;31mRead Write [0m)
[1;31m/run/user/1001/pk-debconf-socket[0m
  ‘ˆˆ‘ˆ«([1;31mRead Write (Weak Permissions: 666) [0m)
[1;31m/run/user/1001/snapd-session-agent.socket[0m
  ‘ˆˆ‘ˆ«([1;31mRead Write (Weak Permissions: 666) [0m)
[1;31m/run/user/1001/systemd/notify[0m
  ‘ˆˆ‘ˆ«([1;31mRead Write Execute [0m)
[1;31m/run/user/1001/systemd/private[0m
  ‘ˆˆ‘ˆ«([1;31mRead Write Execute [0m)
[1;31m/run/uuidd/request[0m
  ‘ˆˆ‘ˆ«([1;31mRead Write (Weak Permissions: 666) [0m)
  ‘ˆˆ‘ˆ«([1;31mOwned by root[0m)
[1;31;103m  ‘ˆˆ‘ˆ«High risk: root-owned and writable Unix socket[0m
[1;31m/var/run/samba/ncalrpc/DEFAULT[0m
  ‘ˆˆ‘ˆ«([1;31mRead Write Execute (Weak Permissions: 777) [0m)
  ‘ˆˆ‘ˆ«([1;31mOwned by root[0m)
[1;31;103m  ‘ˆˆ‘ˆ«High risk: root-owned and writable Unix socket[0m
[1;31m/var/run/samba/nmbd/unexpected[0m
  ‘ˆˆ‘ˆ«([1;31mRead Write Execute (Weak Permissions: 777) [0m)
  ‘ˆˆ‘ˆ«([1;31mOwned by root[0m)
[1;31;103m  ‘ˆˆ‘ˆ«High risk: root-owned and writable Unix socket[0m
[1;32m/var/snap/lxd/common/lxd/unix.socket[0m

[1;34m‘Úˆ‘Ú…‘Ú…‘Ú…‘Ú…‘Ú…‘Ú…‘Ú…‘Ú…‘Ú…‘Ú…‘Ú˙ [1;32mD-Bus Analysis [1;90m(T1559.001)
[0m[1;34m‘Ú‹ [1;34m[3mhttps://book.hacktricks.wiki/en/linux-hardening/processes-crontab-systemd-dbus/d-bus-enumeration-and-command-injection-privilege-escalation.html
[0m[1;32mNAME[0m                            PID PROCESS         USER             CONNECTION    UNIT                        SESSION DESCRIPTION
[1;32m:1.0[0m                            564 [1;34msys[0mtemd-timesyn systemd-timesync :1.0          systemd-timesyncd.service   -       -
[1;32m:1.1[0m                            563 [1;34msystemd-resolve[0m systemd-resolve  :1.1          systemd-resolved.service    -       -
[1;32m:1.10[0m                           920 unattended-upgr [1;31mroot[0m             :1.10         unattended-upgrades.service -       -
[1;32m:1.11[0m                           927 ModemManager    [1;31mroot[0m             :1.11         ModemManager.service        -       -
[1;32m:1.12[0m                          1084 smbd            [1;31mroot[0m             :1.12         smbd.service                -       -
[1;32m:1.13[0m                           831 snapd           [1;31mroot[0m             :1.13         snapd.service               -       -
[1;32m:1.2[0m                              1 [1;34msys[0mtemd         [1;31mroot[0m             :1.2          init.scope                  -       -
[1;32m:1.207[0m                        38811 busctl          [1;95mjan[0m              :1.207        session-3.scope             3       -
[1;32m:1.23[0m                          1584 [1;34msys[0mtemd         [1;95mjan[0m              :1.23         user@1001.service           -       -
[1;32m:1.3[0m                            845 [1;34msys[0mtemd-logind  [1;31mroot[0m             :1.3          systemd-logind.service      -       -
[1;32m:1.4[0m                            814 networkd-dispat [1;31mroot[0m             :1.4          networkd-dispatcher.service -       -
[1;32m:1.5[0m                            645 [1;34msystemd-network[0m systemd-network  :1.5          systemd-networkd.service    -       -
[1;32m:1.6[0m                            848 udisksd         [1;31mroot[0m             :1.6          udisks2.service             -       -
[1;32m:1.7[0m                            791 accounts-[1;34m[1;32mdaemon[0m[0m [1;31mroot[0m             :1.7          accounts-daemon.service     -       -
[1;32m:1.8[0m                            816 polkitd         [1;31mroot[0m             :1.8          polkit.service              -       -
com.canonical.UbuntuAdvantage     - -               -                (activatable) -                           -       -
  ‘ˆˆ‘ˆ« Interfaces:
     ‘ˆˆ‘ˆ«/com
       ‘ˆˆ‘ˆ«/com/canonical
         ‘ˆˆ‘ˆ«/com/canonical/UbuntuAdvantage
           ‘ˆ£‘ˆ«/com/canonical/UbuntuAdvantage/Manager
           ‘ˆˆ‘ˆ«/com/canonical/UbuntuAdvantage/Services
             ‘ˆ£‘ˆ«/com/canonical/UbuntuAdvantage/Services/cc_2deal
             ‘ˆ£‘ˆ«/com/canonical/UbuntuAdvantage/Services/cis
             ‘ˆ£‘ˆ«/com/canonical/UbuntuAdvantage/Services/esm_2dapps
             ‘ˆ£‘ˆ«/com/canonical/UbuntuAdvantage/Services/esm_2dinfra
             ‘ˆ£‘ˆ«/com/canonical/UbuntuAdvantage/Services/fips
             ‘ˆ£‘ˆ«/com/canonical/UbuntuAdvantage/Services/fips_2dupdates
             ‘ˆ£‘ˆ«/com/canonical/UbuntuAdvantage/Services/livepatch
             ‘ˆ£‘ˆ«/com/canonical/UbuntuAdvantage/Services/ros
             ‘ˆˆ‘ˆ«/com/canonical/UbuntuAdvantage/Services/ros_2dupdates
[1;32mcom.ubuntu.LanguageSelector[0m       - -               -                (activatable) -                           -       -
[1;32mcom.ubuntu.SoftwareProperties[0m     - -               -                (activatable) -                           -       -
[1;32mio.netplan.Netplan[0m                - -               -                (activatable) -                           -       -
[1;32morg.freedesktop.Accounts[0m        791 accounts-[1;34m[1;32mdaemon[0m[0m [1;31mroot[0m             :1.7          accounts-daemon.service     -       -
[1;32morg.freedesktop.DBus[0m              1 [1;34msys[0mtemd         [1;31mroot[0m             -             init.scope                  -       -
[1;32morg.freedesktop.ModemManager1[0m   927 ModemManager    [1;31mroot[0m             :1.11         ModemManager.service        -       -
[1;32morg.freedesktop.PackageKit[0m        - -               -                (activatable) -                           -       -
[1;32morg.freedesktop.PolicyKit1[0m      816 polkitd         [1;31mroot[0m             :1.8          polkit.service              -       -
[1;32morg.freedesktop.UDisks2[0m         848 udisksd         [1;31mroot[0m             :1.6          udisks2.service             -       -
[1;32morg.freedesktop.UPower[0m            - -               -                (activatable) -                           -       -
[1;32morg.freedesktop.bolt[0m              - -               -                (activatable) -                           -       -
[1;32morg.freedesktop.fwupd[0m             - -               -                (activatable) -                           -       -
[1;32morg.freedesktop.hostname1[0m         - -               -                (activatable) -                           -       -
[1;32morg.freedesktop.locale1[0m           - -               -                (activatable) -                           -       -
[1;32morg.freedesktop.login1[0m          845 [1;34msys[0mtemd-logind  [1;31mroot[0m             :1.3          systemd-logind.service      -       -
[1;32morg.freedesktop.network1[0m        645 [1;34msystemd-network[0m systemd-network  :1.5          systemd-networkd.service    -       -
[1;32morg.freedesktop.resolve1[0m        563 [1;34msystemd-resolve[0m systemd-resolve  :1.1          systemd-resolved.service    -       -
[1;32morg.freedesktop.[1;34msys[0mtemd1[0m          1 systemd         [1;31mroot[0m             :1.2          init.scope                  -       -
[1;32morg.freedesktop.thermald[0m          - -               -                (activatable) -                           -       -
[1;32morg.freedesktop.timedate1[0m         - -               -                (activatable) -                           -       -
[1;32morg.freedesktop.time[1;34msync[0m1[0m       564 systemd-timesyn systemd-timesync :1.0          systemd-timesyncd.service   -       -

[1;34m‘Úˆ‘Ú…‘Ú…‘Ú…‘Ú…‘Ú…‘Ú…‘Ú…‘Ú…‘Ú…‘Ú…‘Ú˙ [1;32mD-Bus Configuration Files [1;90m(T1559.001)
[0mAnalyzing /etc/dbus-1/system.d/com.ubuntu.LanguageSelector.conf:
  ‘ˆˆ‘ˆ«([1;31mAllow rules in default context[0m)
             ‘ˆˆ‘ˆ«     		<allow send_interface="com.ubuntu.LanguageSelector"/>
        		<allow receive_interface="com.ubuntu.LanguageSelector"
        		<allow send_destination="com.ubuntu.LanguageSelector"
Analyzing /etc/dbus-1/system.d/com.ubuntu.SoftwareProperties.conf:
  ‘ˆˆ‘ˆ«([1;31mAllow rules in default context[0m)
             ‘ˆˆ‘ˆ«     <allow send_destination="com.ubuntu.SoftwareProperties"
            <allow send_destination="com.ubuntu.SoftwareProperties"
            <allow send_destination="com.ubuntu.DeviceDriver"
Analyzing /etc/dbus-1/system.d/dnsmasq.conf:
  ‘ˆˆ‘ˆ«([1;31mWeak user policy found[0m)
     ‘ˆˆ‘ˆ«         <policy user="[1;34mdnsmasq[0m">
Analyzing /etc/dbus-1/system.d/org.freedesktop.Accounts.conf:
  ‘ˆˆ‘ˆ«([1;31mAllow rules in default context[0m)
             ‘ˆˆ‘ˆ«     <allow send_destination="org.freedesktop.Accounts"/>
            <allow send_destination="org.freedesktop.Accounts"
            <allow send_destination="org.freedesktop.Accounts"
Analyzing /etc/dbus-1/system.d/org.freedesktop.ModemManager1.conf:
  ‘ˆˆ‘ˆ«([1;31mAllow rules in default context[0m)
             ‘ˆˆ‘ˆ«     <!-- Methods listed here are explicitly allowed or PolicyKit protected.
Analyzing /etc/dbus-1/system.d/org.freedesktop.PackageKit.conf:
  ‘ˆˆ‘ˆ«([1;31mAllow rules in default context[0m)
             ‘ˆˆ‘ˆ«     <allow send_destination="org.freedesktop.PackageKit"
            <allow send_destination="org.freedesktop.PackageKit"
            <allow send_destination="org.freedesktop.PackageKit"
Analyzing /etc/dbus-1/system.d/org.freedesktop.thermald.conf:
  ‘ˆˆ‘ˆ«([1;31mWeak group policy found[0m)
     ‘ˆˆ‘ˆ«         <policy group="power">
  ‘ˆˆ‘ˆ«([1;31mAllow rules in default context[0m)
             ‘ˆˆ‘ˆ«                 <allow receive_sender="org.freedesktop.thermald"/>
Analyzing /usr/lib/byobu/services:
  ‘ˆˆ‘ˆ«([1;31mMultiple weak policies found[0m)
Activation definitions in /usr/lib/python3/dist-packages/uaclient/api/u/pro/services:
Activation definitions in /usr/share/dbus-1/services:
/usr/share/dbus-1/services/ca.desrt.dconf.service:2:Name=ca.desrt.dconf
/usr/share/dbus-1/services/ca.desrt.dconf.service:3:[1;31mExec=[0mExec=[0m/usr/libexec/dconf-service
/usr/share/dbus-1/services/us.kirkland.terminals.byobu.service:2:Name=us.kirkland.terminals.byobu
/usr/share/dbus-1/services/us.kirkland.terminals.byobu.service:3:[1;31mExec=[0mExec=[0m/usr/lib/gnome-terminal/gnome-terminal-server --app-id us.kirkland.terminals.byobu
/usr/share/dbus-1/services/io.snapcraft.Settings.service:2:Name=io.snapcraft.Settings
/usr/share/dbus-1/services/io.snapcraft.Settings.service:3:[1;31mExec=[0mExec=[0m/usr/bin/snap userd
/usr/share/dbus-1/services/org.a11y.Bus.service:2:Name=org.a11y.Bus
/usr/share/dbus-1/services/org.a11y.Bus.service:3:[1;31mExec=[0mExec=[0m/usr/libexec/at-spi-bus-launcher
/usr/share/dbus-1/services/io.snapcraft.SessionAgent.service:2:Name=io.snapcraft.SessionAgent
/usr/share/dbus-1/services/io.snapcraft.SessionAgent.service:4:[1;31mExec=[0mExec=[0m/bin/false
/usr/share/dbus-1/services/org.gtk.GLib.PACRunner.service:2:Name=org.gtk.GLib.PACRunner
/usr/share/dbus-1/services/org.gtk.GLib.PACRunner.service:3:[1;31mExec=[0mExec=[0m/usr/libexec/glib-pacrunner
/usr/share/dbus-1/services/io.snapcraft.Launcher.service:2:Name=io.snapcraft.Launcher
/usr/share/dbus-1/services/io.snapcraft.Launcher.service:3:[1;31mExec=[0mExec=[0m/usr/bin/snap userd
/usr/share/dbus-1/services/org.freedesktop.systemd1.service:11:Name=org.freedesktop.systemd1
/usr/share/dbus-1/services/org.freedesktop.systemd1.service:12:[1;31mExec=[0mExec=[0m/bin/false
/usr/share/dbus-1/services/org.freedesktop.systemd1.service:13:[1;31mUser=[0mUser=[0mroot
Analyzing /usr/share/dbus-1/session.d/snapd.session-services.conf:
  ‘ˆˆ‘ˆ«([1;31mMultiple weak policies found[0m)
Activation definitions in /usr/share/dbus-1/system-services:
/usr/share/dbus-1/system-services/org.freedesktop.login1.service:11:Name=org.freedesktop.login1
/usr/share/dbus-1/system-services/org.freedesktop.login1.service:12:[1;31mExec=[0mExec=[0m/bin/false
/usr/share/dbus-1/system-services/org.freedesktop.login1.service:13:[1;31mUser=[0mUser=[0mroot
/usr/share/dbus-1/system-services/org.freedesktop.timedate1.service:11:Name=org.freedesktop.timedate1
/usr/share/dbus-1/system-services/org.freedesktop.timedate1.service:12:[1;31mExec=[0mExec=[0m/bin/false
/usr/share/dbus-1/system-services/org.freedesktop.timedate1.service:13:[1;31mUser=[0mUser=[0mroot
/usr/share/dbus-1/system-services/org.freedesktop.resolve1.service:11:Name=org.freedesktop.resolve1
/usr/share/dbus-1/system-services/org.freedesktop.resolve1.service:12:[1;31mExec=[0mExec=[0m/bin/false
/usr/share/dbus-1/system-services/org.freedesktop.resolve1.service:13:[1;31mUser=[0mUser=[0mroot
/usr/share/dbus-1/system-services/org.freedesktop.PolicyKit1.service:2:Name=org.freedesktop.PolicyKit1
/usr/share/dbus-1/system-services/org.freedesktop.PolicyKit1.service:3:[1;31mExec=[0mExec=[0m/usr/lib/policykit-1/polkitd --no-debug
/usr/share/dbus-1/system-services/org.freedesktop.PolicyKit1.service:4:[1;31mUser=[0mUser=[0mroot
/usr/share/dbus-1/system-services/org.freedesktop.UDisks2.service:2:Name=org.freedesktop.UDisks2
/usr/share/dbus-1/system-services/org.freedesktop.UDisks2.service:3:[1;31mExec=[0mExec=[0m/usr/lib/udisks2/udisksd
/usr/share/dbus-1/system-services/org.freedesktop.UDisks2.service:4:[1;31mUser=[0mUser=[0mroot
/usr/share/dbus-1/system-services/io.netplan.Netplan.service:2:Name=io.netplan.Netplan
/usr/share/dbus-1/system-services/io.netplan.Netplan.service:3:[1;31mExec=[0mExec=[0m/lib/netplan/netplan-dbus
/usr/share/dbus-1/system-services/io.netplan.Netplan.service:4:[1;31mUser=[0mUser=[0mroot
/usr/share/dbus-1/system-services/org.freedesktop.locale1.service:11:Name=org.freedesktop.locale1
/usr/share/dbus-1/system-services/org.freedesktop.locale1.service:12:[1;31mExec=[0mExec=[0m/bin/false
/usr/share/dbus-1/system-services/org.freedesktop.locale1.service:13:[1;31mUser=[0mUser=[0mroot
/usr/share/dbus-1/system-services/org.freedesktop.timesync1.service:11:Name=org.freedesktop.timesync1
/usr/share/dbus-1/system-services/org.freedesktop.timesync1.service:12:[1;31mExec=[0mExec=[0m/bin/false
/usr/share/dbus-1/system-services/org.freedesktop.timesync1.service:13:[1;31mUser=[0mUser=[0mroot
/usr/share/dbus-1/system-services/org.freedesktop.fwupd.service:2:Name=org.freedesktop.fwupd
/usr/share/dbus-1/system-services/org.freedesktop.fwupd.service:4:[1;31mExec=[0mExec=[0m/usr/libexec/fwupd/fwupd
/usr/share/dbus-1/system-services/org.freedesktop.fwupd.service:5:[1;31mUser=[0mUser=[0mroot
/usr/share/dbus-1/system-services/org.freedesktop.ModemManager1.service:8:Name=org.freedesktop.ModemManager1
/usr/share/dbus-1/system-services/org.freedesktop.ModemManager1.service:9:[1;31mExec=[0mExec=[0m/usr/sbin/ModemManager
/usr/share/dbus-1/system-services/org.freedesktop.ModemManager1.service:10:[1;31mUser=[0mUser=[0mroot
/usr/share/dbus-1/system-services/org.freedesktop.Accounts.service:2:Name=org.freedesktop.Accounts
/usr/share/dbus-1/system-services/org.freedesktop.Accounts.service:3:[1;31mExec=[0mExec=[0m/usr/lib/accountsservice/accounts-daemon
/usr/share/dbus-1/system-services/org.freedesktop.Accounts.service:4:[1;31mUser=[0mUser=[0mroot
/usr/share/dbus-1/system-services/org.freedesktop.PackageKit.service:2:Name=org.freedesktop.PackageKit
/usr/share/dbus-1/system-services/org.freedesktop.PackageKit.service:3:[1;31mExec=[0mExec=[0m/usr/lib/packagekit/packagekitd
/usr/share/dbus-1/system-services/org.freedesktop.PackageKit.service:4:[1;31mUser=[0mUser=[0mroot
/usr/share/dbus-1/system-services/com.ubuntu.LanguageSelector.service:2:Name=com.ubuntu.LanguageSelector
/usr/share/dbus-1/system-services/com.ubuntu.LanguageSelector.service:3:[1;31mExec=[0mExec=[0m/usr/lib/language-selector/ls-dbus-backend
/usr/share/dbus-1/system-services/com.ubuntu.LanguageSelector.service:4:[1;31mUser=[0mUser=[0mroot
/usr/share/dbus-1/system-services/com.canonical.UbuntuAdvantage.service:2:Name=com.canonical.UbuntuAdvantage
/usr/share/dbus-1/system-services/com.canonical.UbuntuAdvantage.service:3:[1;31mExec=[0mExec=[0m/usr/libexec/ubuntu-advantage-desktop-daemon
/usr/share/dbus-1/system-services/com.canonical.UbuntuAdvantage.service:4:[1;31mUser=[0mUser=[0mroot
/usr/share/dbus-1/system-services/org.freedesktop.thermald.service:2:Name=org.freedesktop.thermald
/usr/share/dbus-1/system-services/org.freedesktop.thermald.service:3:[1;31mExec=[0mExec=[0m/bin/false
/usr/share/dbus-1/system-services/org.freedesktop.thermald.service:4:[1;31mUser=[0mUser=[0mroot
/usr/share/dbus-1/system-services/org.freedesktop.network1.service:11:Name=org.freedesktop.network1
/usr/share/dbus-1/system-services/org.freedesktop.network1.service:12:[1;31mExec=[0mExec=[0m/bin/false
/usr/share/dbus-1/system-services/org.freedesktop.network1.service:13:[1;31mUser=[0mUser=[0mroot
/usr/share/dbus-1/system-services/org.freedesktop.bolt.service:2:Name=org.freedesktop.bolt
/usr/share/dbus-1/system-services/org.freedesktop.bolt.service:3:[1;31mExec=[0mExec=[0m/usr/libexec/boltd
/usr/share/dbus-1/system-services/org.freedesktop.bolt.service:4:[1;31mUser=[0mUser=[0mroot
/usr/share/dbus-1/system-services/com.ubuntu.SoftwareProperties.service:2:Name=com.ubuntu.SoftwareProperties
/usr/share/dbus-1/system-services/com.ubuntu.SoftwareProperties.service:3:[1;31mExec=[0mExec=[0m/usr/lib/software-properties/software-properties-dbus
/usr/share/dbus-1/system-services/com.ubuntu.SoftwareProperties.service:4:[1;31mUser=[0mUser=[0mroot
/usr/share/dbus-1/system-services/org.freedesktop.hostname1.service:9:Name=org.freedesktop.hostname1
/usr/share/dbus-1/system-services/org.freedesktop.hostname1.service:10:[1;31mExec=[0mExec=[0m/bin/false
/usr/share/dbus-1/system-services/org.freedesktop.hostname1.service:11:[1;31mUser=[0mUser=[0mroot
/usr/share/dbus-1/system-services/org.freedesktop.systemd1.service:11:Name=org.freedesktop.systemd1
/usr/share/dbus-1/system-services/org.freedesktop.systemd1.service:12:[1;31mExec=[0mExec=[0m/bin/false
/usr/share/dbus-1/system-services/org.freedesktop.systemd1.service:13:[1;31mUser=[0mUser=[0mroot
/usr/share/dbus-1/system-services/org.freedesktop.UPower.service:2:Name=org.freedesktop.UPower
/usr/share/dbus-1/system-services/org.freedesktop.UPower.service:3:[1;31mExec=[0mExec=[0m/usr/lib/upower/upowerd
/usr/share/dbus-1/system-services/org.freedesktop.UPower.service:4:[1;31mUser=[0mUser=[0mroot

[1;34m‘Ú…‘Ú…‘Ú˙ [1;32mD-Bus Session Bus Analysis [1;90m(T1559.001)
[0m([1;32mAccess to session bus available[0m)
           string "org.freedesktop.DBus"
           string "org.freedesktop.systemd1"
           string ":1.5"
           string ":1.1"
  ‘ˆˆ‘ˆ«([1;31mKnown dangerous session service: org.freedesktop.systemd1[0m)
     ‘ˆˆ‘ˆ« Try: dbus-send --session --dest=org.freedesktop.systemd1 / [Interface] [Method] [Arguments]

[1;34m‘Úˆ‘Ú…‘Ú…‘Ú…‘Ú…‘Ú…‘Ú…‘Ú…‘Ú…‘Ú…‘Ú…‘Ú˙ [1;32mLegacy r-commands (rsh/rlogin/rexec) and host-based trust [1;90m(T1021.004)
[0m
[1;34m‘Ú…‘Ú…‘Ú˙ [1;32mListening r-services (TCP 512-514) [1;90m(T1021.004)
[0m
[1;34m‘Ú…‘Ú…‘Ú˙ [1;32msystemd units exposing r-services [1;90m(T1021.004)
[0m[1;90mrlogin|rsh|rexec units Not Found
[0m
[1;34m‘Ú…‘Ú…‘Ú˙ [1;32minetd/xinetd configuration for r-services [1;90m(T1021.004)
[0m[1;90m/etc/inetd.conf Not Found
[0m[1;90m/etc/xinetd.d Not Found
[0m
[1;34m‘Ú…‘Ú…‘Ú˙ [1;32mInstalled r-service server packages [1;90m(T1021.004)
[0m  No related packages found via dpkg

[1;34m‘Ú…‘Ú…‘Ú˙ [1;32m/etc/hosts.equiv and /etc/shosts.equiv [1;90m(T1021.004)
[0m
[1;34m‘Ú…‘Ú…‘Ú˙ [1;32mPer-user .rhosts files [1;90m(T1021.004)
[0m[1;90m.rhosts Not Found
[0m
[1;34m‘Ú…‘Ú…‘Ú˙ [1;32mPAM rhosts authentication [1;90m(T1021.004)
[0m[1;90m/etc/pam.d/rlogin|rsh Not Found
[0m
[1;34m‘Ú…‘Ú…‘Ú˙ [1;32mSSH HostbasedAuthentication [1;90m(T1021.004)
[0m  HostbasedAuthentication no or not set

[1;34m‘Ú…‘Ú…‘Ú˙ [1;32mPotential DNS control indicators (local) [1;90m(T1021.004)
[0m  Not detected

[1;34m‘Úˆ‘Ú…‘Ú…‘Ú…‘Ú…‘Ú…‘Ú…‘Ú…‘Ú…‘Ú…‘Ú…‘Ú˙ [1;32mCrontab UI (root) misconfiguration checks [1;90m(T1053.003)
[0m[1;34m‘Ú‹ [1;34m[3mhttps://book.hacktricks.wiki/en/linux-hardening/processes-crontab-systemd-dbus/cron-and-systemd-timers.html#enumerate-schedules
[0m[1;90mcrontab-ui Not Found
[0m[1;34m‘Úˆ‘Ú…‘Ú…‘Ú…‘Ú…‘Ú…‘Ú…‘Ú…‘Ú…‘Ú…‘Ú…‘Ú˙ [1;32mDeleted files still open [1;90m(T1083)
[0m[1;34m‘Ú‹ [1;34m[3mOpen deleted files can hide tools and still consume disk space
[0m
[1;34m‘Úˆ‘Ú…‘Ú…‘Ú…‘Ú…‘Ú…‘Ú…‘Ú…‘Ú…‘Ú…‘Ú…‘Ú˙ [1;32mDeleted executables still running [1;90m(T1083)
[0m[1;34m‘Ú‹ [1;34m[3mA deleted /proc/<PID>/exe may indicate tampering, cleanup, or a useful runtime-only binary
[0m


[1;34m                              ‘Úˆ‘Ú…‘Ú…‘Ú…‘Ú…‘Ú…‘Ú…‘Ú…‘Ú…‘Ú…‘Ú…‘Ú…‘Ú…‘Ú…‘Ú…‘Ú…‘Ú…‘Ú…‘Ú…‘Ú…‘Ú…‘Ú…‘Ú˘
‘Ú…‘Ú…‘Ú…‘Ú…‘Ú…‘Ú…‘Ú…‘Ú…‘Ú…‘Ú…‘Ú…‘Ú…‘Ú…‘Ú…‘Ú…‘Ú…‘Ú…‘Ú…‘Ú…‘Ú…‘Ú…‘Ú…‘Ú…‘Ú…‘Ú…‘Ú…‘Ú…‘Ú…‘Ú…‘Ú…‘Ú˙ [1;32mNetwork Information[1;34m ‘Ú·‘Ú…‘Ú…‘Ú…‘Ú…‘Ú…‘Ú…‘Ú…‘Ú…‘Ú…‘Ú…‘Ú…‘Ú…‘Ú…‘Ú…‘Ú…‘Ú…‘Ú…‘Ú…‘Ú…‘Ú…‘Ú…‘Ú…‘Ú…‘Ú…‘Ú…‘Ú…‘Ú…‘Ú…‘Ú…‘Ú…
[1;34m                              ‘Ú‹‘Ú…‘Ú…‘Ú…‘Ú…‘Ú…‘Ú…‘Ú…‘Ú…‘Ú…‘Ú…‘Ú…‘Ú…‘Ú…‘Ú…‘Ú…‘Ú…‘Ú…‘Ú…‘Ú…‘Ú…‘Ú…‘Úÿ[0m
[1;34m‘Úˆ‘Ú…‘Ú…‘Ú…‘Ú…‘Ú…‘Ú…‘Ú…‘Ú…‘Ú…‘Ú…‘Ú˙ [1;32mInterfaces [1;90m(T1016)
[0m# symbolic names for networks, see networks(5) for more information
link-local 169.254.0.0
ens5: flags=4163<UP,BROADCAST,RUNNING,MULTICAST>  mtu 9001
        inet 10.65.134.114  netmask 255.255.192.0  broadcast 10.65.191.255
        inet6 fe80::cff:ccff:fe5b:2e7d  prefixlen 64  scopeid 0x20<link>
        ether 0e:ff:cc:5b:2e:7d  txqueuelen 1000  (Ethernet)
        RX packets 12086  bytes 21455191 (21.4 MB)
        RX errors 0  dropped 0  overruns 0  frame 0
        TX packets 14547  bytes 8838034 (8.8 MB)
        TX errors 0  dropped 0 overruns 0  carrier 0  collisions 0

lo: flags=73<UP,LOOPBACK,RUNNING>  mtu 65536
        inet 127.0.0.1  netmask 255.0.0.0
        inet6 ::1  prefixlen 128  scopeid 0x10<host>
        loop  txqueuelen 1000  (Local Loopback)
        RX packets 964  bytes 97940 (97.9 KB)
        RX errors 0  dropped 0  overruns 0  frame 0
        TX packets 964  bytes 97940 (97.9 KB)
        TX errors 0  dropped 0 overruns 0  carrier 0  collisions 0

[1;34m‘Ú…‘Ú…‘Ú˙ [1;32mRouting & policy quick view [1;90m(T1016)
[0mdefault via 10.65.128.1 dev ens5 proto dhcp src 10.65.134.114 metric 100 
10.65.128.0/18 dev ens5 proto kernel scope link src 10.65.134.114 metric 100 
10.65.128.1 dev ens5 proto dhcp scope link src 10.65.134.114 metric 100 
::1 dev lo proto kernel metric 256 pref medium
fe80::/64 dev ens5 proto kernel metric 256 pref medium

0:	from all lookup local
32766:	from all lookup main
32767:	from all lookup default
[1;34m‘Ú…‘Ú…‘Ú˙ [1;32mVirtual/overlay interfaces quick view [1;90m(T1016)
[0m1: lo: <LOOPBACK,UP,LOWER_UP> mtu 65536 qdisc noqueue state UNKNOWN mode DEFAULT group default qlen 1000
2: ens5: <BROADCAST,MULTICAST,UP,LOWER_UP> mtu 9001 qdisc mq state UP mode DEFAULT group default qlen 1000
[1;34m‘Ú…‘Ú…‘Ú˙ [1;32mNetwork namespaces quick view [1;90m(T1016)
[0mtotal 0
drwxr-xr-x  2 root root   40 Oct  6 15:09 .
drwxr-xr-x 32 root root 1000 Oct  6 15:16 ..
[1;34m‘Ú…‘Ú…‘Ú˙ [1;32mForwarding status [1;90m(T1016)
[0mnet.ipv4.ip_forward = 0
net.ipv6.conf.all.forwarding = 0

[1;34m‘Úˆ‘Ú…‘Ú…‘Ú…‘Ú…‘Ú…‘Ú…‘Ú…‘Ú…‘Ú…‘Ú…‘Ú˙ [1;32mHostname, hosts and DNS [1;90m(T1016,T1018)
[0m[1;34m‘Ú…‘Ú…‘Ú˙ [1;32mHostname Information [1;90m(T1016,T1018)
[0mSystem hostname: ip-10-65-134-114
FQDN: ip-10-65-134-114.ec2.internal

[1;34m‘Ú…‘Ú…‘Ú˙ [1;32mHosts File Information [1;90m(T1016,T1018)
[0mContents of /etc/hosts:
  127.0.0.1	localhost
  127.0.1.1	basic2
  ::1     localhost ip6-localhost ip6-loopback
  ff02::1 ip6-allnodes
  ff02::2 ip6-allrouters

[1;34m‘Ú…‘Ú…‘Ú˙ [1;32mDNS Configuration [1;90m(T1016,T1018)
[0mDNS Servers (resolv.conf):
  127.0.0.53
  search ec2.internal
-e 
Systemd-resolved configuration:
  [Resolve]
-e 
DNS Domain Information:
ec2.internal
(none)
-e 
DNS Cache Status (systemd-resolve):
  DNS Servers: 10.65.0.2
  DNS Domain: ec2.internal

[1;34m‘Úˆ‘Ú…‘Ú…‘Ú…‘Ú…‘Ú…‘Ú…‘Ú…‘Ú…‘Ú…‘Ú…‘Ú˙ [1;32mActive Ports [1;90m(T1049)
[0m[1;34m‘Ú‹ [1;34m[3mhttps://book.hacktricks.wiki/en/linux-hardening/network-information/local-network-and-socket-triage.html#loopback-and-local-service-enumeration
[0m[1;34m‘Ú…‘Ú…‘Ú˙ [1;32mActive Ports (netstat) [1;90m(T1049)
[0mtcp        0      0 [1;31m0.0.0.0[0m:22              [1;31m0.0.0.0[0m:*               LISTEN      -                   
tcp        0      0 [1;31m127.0.0.53[0m:53           [1;31m0.0.0.0[0m:*               LISTEN      -                   
tcp        0      0 [1;31m0.0.0.0[0m:139             [1;31m0.0.0.0[0m:*               LISTEN      -                   
tcp        0      0 [1;31m0.0.0.0[0m:445             [1;31m0.0.0.0[0m:*               LISTEN      -                   
tcp6       0      0 [1;31m:::[0m80                   [1;31m:::[0m*                    LISTEN      -                   
tcp6       0      0 [1;31m:::[0m22                   [1;31m:::[0m*                    LISTEN      -                   
tcp6       0      0 [1;31m127.0.0.1[0m:8005          [1;31m:::[0m*                    LISTEN      -                   
tcp6       0      0 [1;31m:::[0m139                  [1;31m:::[0m*                    LISTEN      -                   
tcp6       0      0 [1;31m:::[0m8009                 [1;31m:::[0m*                    LISTEN      -                   
tcp6       0      0 [1;31m:::[0m8080                 [1;31m:::[0m*                    LISTEN      -                   
tcp6       0      0 [1;31m:::[0m445                  [1;31m:::[0m*                    LISTEN      -                   
[1;34m‘Ú…‘Ú…‘Ú˙ [1;32mLocal-only listeners (loopback) [1;90m(T1049)
[0m[1;34m‘Ú…‘Ú…‘Ú˙ [1;32mUnique listener bind addresses [1;90m(T1049)
[0m*
::
0.0.0.0
10.65.134.114
10.65.134.114%ens5
10.65.191.255
[1;31m127.0.0.1[0m
127.0.0.53%lo
[1;34m‘Ú…‘Ú…‘Ú˙ [1;32mPotential local forwarders/relays [1;90m(T1049)
[0mjan        39767  0.0  0.0   9172   704 pts/0    S+   16:22   0:00 sed -E s,[1;31;103msocat[0m|[1;31;103mssh[0m|[1;31;103m-L[0m|[1;31;103m-R[0m|[1;31;103m-D[0m|[1;31;103mncat[0m|[1;31;103mnc[0m,?[1;31;103m&?[0m,g

[1;34m‘Úˆ‘Ú…‘Ú…‘Ú…‘Ú…‘Ú…‘Ú…‘Ú…‘Ú…‘Ú…‘Ú…‘Ú˙ [1;32mNetwork Traffic Analysis Capabilities [1;90m(T1040)
[0m
[1;34m‘Ú…‘Ú…‘Ú˙ [1;32mAvailable Sniffing Tools [1;90m(T1040)
[0m[1;32mtcpdump is available[0m
Sniffable interfaces according to tcpdump -D:
1.ens5 [Up, Running]
2.lo [Up, Running, Loopback]
3.any (Pseudo-device that captures on all interfaces) [Up, Running]
4.bluetooth-monitor (Bluetooth Linux Monitor) [none]
5.nflog (Linux netfilter log (NFLOG) interface) [none]
6.nfqueue (Linux netfilter queue (NFQUEUE) interface) [none]

[1;34m‘Ú…‘Ú…‘Ú˙ [1;32mNetwork Interfaces Sniffing Capabilities [1;90m(T1040)
[0mInterface lo (loopback): [1;31mNot sniffable[0m
Interface ens5: [1;31mNot sniffable[0m
[1;31mNo sniffable interfaces found[0m

[1;34m‘Ú…‘Ú…‘Ú˙ [1;32mRunning sniffing/traffic reconstruction processes [1;90m(T1040)
[0m
[1;34m‘Úˆ‘Ú…‘Ú…‘Ú…‘Ú…‘Ú…‘Ú…‘Ú…‘Ú…‘Ú…‘Ú…‘Ú˙ [1;32mFirewall Rules Analysis [1;90m(T1016)
[0m
[1;34m‘Ú…‘Ú…‘Ú˙ [1;32mIptables Rules [1;90m(T1016)
[0m[1;31mNo permission to list iptables rules[0m

[1;34m‘Ú…‘Ú…‘Ú˙ [1;32mNftables Rules [1;90m(T1016)
[0m[1;90mnftables Not Found
[0m
[1;34m‘Ú…‘Ú…‘Ú˙ [1;32mFirewalld Rules [1;90m(T1016)
[0m[1;90mfirewalld Not Found
[0m
[1;34m‘Ú…‘Ú…‘Ú˙ [1;32mUFW Rules [1;90m(T1016)
[0m[1;33mUFW is not running[0m

[1;34m‘Ú…‘Ú…‘Ú˙ [1;32mForwarding and rp_filter [1;90m(T1016)
[0mnet.ipv4.ip_forward = 0
net.ipv6.conf.all.forwarding = 0
net.ipv4.conf.all.rp_filter = 2

[1;34m‘Úˆ‘Ú…‘Ú…‘Ú…‘Ú…‘Ú…‘Ú…‘Ú…‘Ú…‘Ú…‘Ú…‘Ú˙ [1;32mInetd/Xinetd Services Analysis [1;90m(T1049)
[0m
[1;34m‘Ú…‘Ú…‘Ú˙ [1;32mInetd Services [1;90m(T1049)
[0m[1;90minetd Not Found
[0m
[1;34m‘Ú…‘Ú…‘Ú˙ [1;32mXinetd Services [1;90m(T1049)
[0m[1;90mxinetd Not Found
[0m
[1;34m‘Ú…‘Ú…‘Ú˙ [1;32mRunning Inetd/Xinetd Services [1;90m(T1049)
[0mActive Services (from netstat):
-e 
Active Services (from ss):
-e 
Running Service Processes:

[1;34m‘Úˆ‘Ú…‘Ú…‘Ú…‘Ú…‘Ú…‘Ú…‘Ú…‘Ú…‘Ú…‘Ú…‘Ú˙ [1;32mInternet Access? [1;90m(T1016,T1590)
[0mPort 80 is not accessible
Port 443 is not accessible
ICMP is not accessible
Port 443 is not accessible with curl
DNS is not accessible

[1;34m‘Ú…‘Ú…‘Ú˙ [1;32mProxy discovery [1;90m(T1016,T1590)
[0m[1;34m‘Ú‹ [1;34m[3mChecking common proxy env vars and apt proxy config
[0m


[1;34m                               ‘Úˆ‘Ú…‘Ú…‘Ú…‘Ú…‘Ú…‘Ú…‘Ú…‘Ú…‘Ú…‘Ú…‘Ú…‘Ú…‘Ú…‘Ú…‘Ú…‘Ú…‘Ú…‘Ú…‘Ú…‘Ú˘
‘Ú…‘Ú…‘Ú…‘Ú…‘Ú…‘Ú…‘Ú…‘Ú…‘Ú…‘Ú…‘Ú…‘Ú…‘Ú…‘Ú…‘Ú…‘Ú…‘Ú…‘Ú…‘Ú…‘Ú…‘Ú…‘Ú…‘Ú…‘Ú…‘Ú…‘Ú…‘Ú…‘Ú…‘Ú…‘Ú…‘Ú…‘Ú˙ [1;32mUsers Information[1;34m ‘Ú·‘Ú…‘Ú…‘Ú…‘Ú…‘Ú…‘Ú…‘Ú…‘Ú…‘Ú…‘Ú…‘Ú…‘Ú…‘Ú…‘Ú…‘Ú…‘Ú…‘Ú…‘Ú…‘Ú…‘Ú…‘Ú…‘Ú…‘Ú…‘Ú…‘Ú…‘Ú…‘Ú…‘Ú…‘Ú…‘Ú…‘Ú…
[1;34m                               ‘Ú‹‘Ú…‘Ú…‘Ú…‘Ú…‘Ú…‘Ú…‘Ú…‘Ú…‘Ú…‘Ú…‘Ú…‘Ú…‘Ú…‘Ú…‘Ú…‘Ú…‘Ú…‘Ú…‘Ú…‘Úÿ[0m
[1;34m‘Úˆ‘Ú…‘Ú…‘Ú…‘Ú…‘Ú…‘Ú…‘Ú…‘Ú…‘Ú…‘Ú…‘Ú˙ [1;32mMy user [1;90m(T1033)
[0m[1;34m‘Ú‹ [1;34m[3mhttps://book.hacktricks.wiki/en/linux-hardening/user-information/user-and-session-triage.html#enumerate-identities-and-group-based-access
[0muid=1001([1;96m[1;95mjan[0m[0m) gid=1001([1;96m[1;95mjan[0m[0m) groups=1001([1;96m[1;95mjan[0m[0m)

[1;34m‘Úˆ‘Ú…‘Ú…‘Ú…‘Ú…‘Ú…‘Ú…‘Ú…‘Ú…‘Ú…‘Ú…‘Ú˙ [1;32mPGP Keys and Related Files [1;90m(T1552.004)
[0m[1;34m‘Ú‹ [1;34m[3mhttps://book.hacktricks.wiki/en/linux-hardening/user-information/user-and-session-triage.html#review-user-artifacts
[0m[1;96mGPG:[0m
GPG is installed, listing keys:
[1;96m-e [0m
[1;96mNetPGP:[0m
[1;90mnetpgpkeys Not Found
[0m[1;96m-e [0m
[1;96mPGP Related Files:[0m

[1;34m‘Úˆ‘Ú…‘Ú…‘Ú…‘Ú…‘Ú…‘Ú…‘Ú…‘Ú…‘Ú…‘Ú…‘Ú˙ [1;32mChecking 'sudo -l', sudoers files, and privileged Python paths [1;90m(T1548.003)
[0m[1;34m‘Ú‹ [1;34m[3mhttps://book.hacktricks.wiki/en/linux-hardening/linux-basics/linux-privilege-escalation/index.html#sudo-and-suid
[0m
No cached sudo token (sudo -n -l)

ICMP is not accessible

[1;34m‘Úˆ‘Ú…‘Ú…‘Ú…‘Ú…‘Ú…‘Ú…‘Ú…‘Ú…‘Ú…‘Ú…‘Ú˙ [1;32mChecking sudo tokens [1;90m(T1548.003)
[0m[1;34m‘Ú‹ [1;34m[3mhttps://book.hacktricks.wiki/en/linux-hardening/linux-basics/linux-privilege-escalation/index.html#reusing-sudo-tokens
[0mptrace protection [1;32mis enabled[0m (1)
[1;96mSudo token directory perms:[0m
drwx------ 2 root root 60 Oct  6 15:17 /var/run/sudo/ts

[1;90mdoas Not Found
[0m
[1;34m‘Úˆ‘Ú…‘Ú…‘Ú…‘Ú…‘Ú…‘Ú…‘Ú…‘Ú…‘Ú…‘Ú…‘Ú˙ [1;32mChecking Pkexec and Polkit [1;90m(T1548.003,T1548.004,T1068)
[0m[1;34m‘Ú‹ [1;34m[3mhttps://book.hacktricks.wiki/en/linux-hardening/user-information/interesting-groups-linux-pe/index.html#pe---method-2
[0m
[1;34m‘Ú…‘Ú…‘Ú˙ [1;32mPolkit Binary [1;90m(T1548.003,T1068)
[0m[1;96mPkexec binary found at: /usr/bin/pkexec[0m
[1;31mPkexec binary has SUID bit set![0m
-rwsr-xr-x 1 root root 31032 Feb 21  2022 /usr/bin/pkexec
pkexec version 0.105
[1;31;103mPotentially vulnerable to CVE-2021-4034 (PwnKit) - check distro patches[0m

[1;34m‘Ú…‘Ú…‘Ú˙ [1;32mPolkit Policies [1;90m(T1548.003)
[0m[1;96mChecking /etc/polkit-1/localauthority.conf.d/:[0m

[Configuration]
AdminIdentities=unix-user:0
[Configuration]
AdminIdentities=unix-group:sudo;unix-group:admin
[1;96mChecking /usr/share/polkit-1/rules.d/:[0m
// -*- mode: js2 -*-
polkit.addRule(function(action, subject) {
    if ((action.id === "org.freedesktop.bolt.enroll" ||
	 action.id === "org.freedesktop.bolt.authorize" ||
	 action.id === "org.freedesktop.bolt.[1;34mman[0mage") &&
        subject.active === true && subject.local === true &&
        subject.isInGroup("sudo")) {
            return polkit.Result.YES;
    }
});
polkit.addRule(function(action, subject) {
    if (action.id == "org.freedesktop.fwupd.update-internal" &&
        subject.active == true && subject.local == true &&
        subject.isInGroup("sudo")) {
            return polkit.Result.YES;
    }
});
polkit.addRule(function(action, subject) {
    if ((action.id == "org.freedesktop.packagekit.upgrade-[1;34msys[0mtem" ||
         action.id == "org.freedesktop.packagekit.trigger-offline-update") &&
        subject.active == true && subject.local == true &&
        subject.isInGroup("sudo")) {
            return polkit.Result.YES;
    }
});
// Allow [1;34msystemd-network[0md to set timezone, get product UUID,
// and transient hostname
polkit.addRule(function(action, subject) {
    if ((action.id == "org.freedesktop.hostname1.set-hostname" ||
         action.id == "org.freedesktop.hostname1.get-product-uuid" ||
         action.id == "org.freedesktop.timedate1.set-timezone") &&
        subject.user == "[1;34msystemd-network[0m") {
        return polkit.Result.YES;
    }
});

[1;34m‘Ú…‘Ú…‘Ú˙ [1;32mPolkit Authentication Agent [1;90m(T1548.004)
[0mroot         816  0.0  0.4 232964  4540 ?        Ssl  15:09   0:00 /usr/lib/policykit-1/polkitd --no-debug

[1;34m‘Úˆ‘Ú…‘Ú…‘Ú…‘Ú…‘Ú…‘Ú…‘Ú…‘Ú…‘Ú…‘Ú…‘Ú˙ [1;32mSuperusers and UID 0 Users [1;90m(T1087.001)
[0m[1;34m‘Ú‹ [1;34m[3mhttps://book.hacktricks.wiki/en/linux-hardening/user-information/interesting-groups-linux-pe/index.html
[0m
[1;34m‘Ú…‘Ú…‘Ú˙ [1;32mUsers with UID 0 in /etc/passwd [1;90m(T1087.001)
[0m[1;31mroot[0m:x:0:0:[1;31mroot[0m:/[1;31mroot[0m:/bin/bash

[1;34m‘Ú…‘Ú…‘Ú˙ [1;32mUsers with sudo privileges in sudoers [1;90m(T1087.001)
[0m
[1;34m‘Úˆ‘Ú…‘Ú…‘Ú…‘Ú…‘Ú…‘Ú…‘Ú…‘Ú…‘Ú…‘Ú…‘Ú˙ [1;32mUsers with console [1;90m(T1087.001)
[0m[1;96m[1;95mjan[0m[0m:x:1001:1001::/home/jan:/bin/bash
[1;96mkay[0m:x:1000:1000:Kay,,,:/home/kay:/bin/bash
[1;31mroot[0m:x:0:0:root:/root:/bin/bash
[1;96mubuntu[0m:x:1002:1002:Ubuntu:/home/ubuntu:/bin/bash

[1;34m‘Úˆ‘Ú…‘Ú…‘Ú…‘Ú…‘Ú…‘Ú…‘Ú…‘Ú…‘Ú…‘Ú…‘Ú˙ [1;32mAll users & groups [1;90m(T1087.001,T1069.001)
[0muid=0[1;31m([1;31mroot[0m)[0m gid=0[1;31m(root)[0m groups=0[1;31m(root)[0m
uid=1000([1;96mkay[0m) gid=1000([1;96mkay[0m) groups=1000([1;96mkay[0m),4[1;31m(adm)[0m,24[1;32m(cdrom)[0m,27[1;31m(sudo)[0m,30(dip),46[1;32m(plugdev)[0m,110[1;31m([1;34mlxd[0m)[0m,115([1;34mlp[0madmin),116(sambashare)
uid=1001([1;96m[1;95mjan[0m[0m) gid=1001([1;96m[1;95mjan[0m[0m) groups=1001([1;96m[1;95mjan[0m[0m)
uid=1002([1;96mubuntu[0m) gid=1002([1;96mubuntu[0m) groups=1002([1;96mubuntu[0m),4[1;31m(adm)[0m,20(dialout),24[1;32m(cdrom)[0m,25(floppy),27[1;31m(sudo)[0m,29(audio),30(dip),44[1;31m(video)[0m,46[1;32m(plugdev)[0m,109(netdev),110[1;31m([1;34mlxd[0m)[0m
uid=100([1;34msystemd-timesync[0m) gid=102([1;34msystemd-timesync[0m) groups=102([1;34msystemd-timesync[0m)
uid=101([1;34msystemd-network[0m) gid=103([1;34msystemd-network[0m) groups=103([1;34msystemd-network[0m)
uid=102([1;34msystemd-resolve[0m) gid=104([1;34msystemd-resolve[0m) groups=104([1;34msystemd-resolve[0m)
uid=103([1;34mpollinate[0m) gid=1([1;34m[1;32mdaemon[0m[0m) groups=1([1;34m[1;32mdaemon[0m[0m)
uid=104([1;34m[1;32msyslog[0m[0m) gid=108([1;34m[1;32msyslog[0m[0m) groups=108([1;34m[1;32msyslog[0m[0m),4[1;31m(adm)[0m,5(tty)
uid=105([1;34m_apt[0m) gid=65534[1;32m(nogroup)[0m groups=65534[1;32m(nogroup)[0m
uid=106[1;31m([1;34mlxd[0m)[0m gid=65534[1;32m(nogroup)[0m groups=65534[1;32m(nogroup)[0m
uid=107([1;34mmessagebus[0m) gid=111([1;34mmessagebus[0m) groups=111([1;34mmessagebus[0m)
uid=108([1;34muuidd[0m) gid=112([1;34muuidd[0m) groups=112([1;34muuidd[0m)
uid=109([1;34mdnsmasq[0m) gid=65534[1;32m(nogroup)[0m groups=65534[1;32m(nogroup)[0m
uid=10([1;34muucp[0m) gid=10([1;34muucp[0m) groups=10([1;34muucp[0m)
uid=110([1;34msshd[0m) gid=65534[1;32m(nogroup)[0m groups=65534[1;32m(nogroup)[0m
uid=111([1;34mlandscape[0m) gid=118([1;34mlandscape[0m) groups=118([1;34mlandscape[0m)
uid=112([1;34mtss[0m) gid=121([1;34mtss[0m) groups=121([1;34mtss[0m)
uid=113([1;34mtcpdump[0m) gid=122([1;34mtcpdump[0m) groups=122([1;34mtcpdump[0m)
uid=114([1;34mfwupd-refresh[0m) gid=123([1;34mfwupd-refresh[0m) groups=123([1;34mfwupd-refresh[0m)
uid=115([1;34musbmux[0m) gid=46[1;32m(plugdev)[0m groups=46[1;32m(plugdev)[0m
uid=13([1;34mproxy[0m) gid=13([1;34mproxy[0m) groups=13([1;34mproxy[0m)
uid=1([1;34m[1;32mdaemon[0m[0m) gid=1([1;34m[1;32mdaemon[0m[0m) groups=1([1;34m[1;32mdaemon[0m[0m)
uid=2(bin) gid=2(bin) groups=2(bin)
uid=33([1;34m[1;32mwww-data[0m[0m) gid=33([1;34m[1;32mwww-data[0m[0m) groups=33([1;34m[1;32mwww-data[0m[0m)
uid=34([1;34mbackup[0m) gid=34([1;34mbackup[0m) groups=34([1;34mbackup[0m)
uid=38([1;34mlist[0m) gid=38([1;34mlist[0m) groups=38([1;34mlist[0m)
uid=39([1;34mirc[0m) gid=39([1;34mirc[0m) groups=39([1;34mirc[0m)
uid=3([1;34msys[0m) gid=3([1;34msys[0m) groups=3([1;34msys[0m)
uid=41([1;34mgnats[0m) gid=41([1;34mgnats[0m) groups=41([1;34mgnats[0m)
uid=4([1;34msync[0m) gid=65534[1;32m(nogroup)[0m groups=65534[1;32m(nogroup)[0m
uid=5([1;34mgames[0m) gid=60([1;34mgames[0m) groups=60([1;34mgames[0m)
uid=65534([1;34mnobody[0m) gid=65534[1;32m(nogroup)[0m groups=65534[1;32m(nogroup)[0m
uid=6([1;34mman[0m) gid=12([1;34mman[0m) groups=12([1;34mman[0m)
uid=7([1;34mlp[0m) gid=7([1;34mlp[0m) groups=7([1;34mlp[0m)
uid=8([1;34m[1;32mmail[0m[0m) gid=8([1;34m[1;32mmail[0m[0m) groups=8([1;34m[1;32mmail[0m[0m)
uid=998([1;34msystemd-coredump[0m) gid=998([1;34msystemd-coredump[0m) groups=998([1;34msystemd-coredump[0m)
uid=999([1;34mtomcat9[0m) gid=999([1;34mtomcat9[0m) groups=999([1;34mtomcat9[0m)
uid=9([1;34mnews[0m) gid=9([1;34mnews[0m) groups=9([1;34mnews[0m)

[1;34m‘Úˆ‘Ú…‘Ú…‘Ú…‘Ú…‘Ú…‘Ú…‘Ú…‘Ú…‘Ú…‘Ú…‘Ú˙ [1;32mCurrently Logged in Users [1;90m(T1033)
[0m
[1;34m‘Ú…‘Ú…‘Ú˙ [1;32mBasic user information [1;90m(T1033)
[0m 16:22:29 up  1:13,  1 user,  load average: 2.03, 1.02, 0.41
USER     TTY      FROM             LOGIN@   IDLE   JCPU   PCPU WHAT
[1;96m[1;95mjan[0m[0m      pts/0    192.168.147.231  15:16    3:57   3.27s  0.00s /bin/sh ./linpeas.sh

[1;34m‘Ú…‘Ú…‘Ú˙ [1;32mActive sessions [1;90m(T1033)
[0m 16:22:29 up  1:13,  1 user,  load average: 2.03, 1.02, 0.41
USER     TTY      FROM             LOGIN@   IDLE   JCPU   PCPU WHAT
[1;96m[1;95mjan[0m[0m      pts/0    192.168.147.231  15:16    3:57   3.27s  0.00s sed s,[1;31mroot[0m,?[1;31m&?[0m,g

[1;34m‘Ú…‘Ú…‘Ú˙ [1;32mLogged in users (utmp) [1;90m(T1033)
[0m           [1;34msys[0mtem boot  2026-10-06 15:08
LOGIN      tty1         2026-10-06 15:09               889 id=tty1
LOGIN      ttyS0        2026-10-06 15:09               879 id=tyS0
           run-level 5  2026-10-06 15:09
[1;96m[1;95mjan[0m[0m      + pts/0        2026-10-06 15:16 00:03        1576 (192.168.147.231)

[1;34m‘Ú…‘Ú…‘Ú˙ [1;32mSSH sessions [1;90m(T1033)
[0mESTAB      0        5996       10.65.134.114:22         192.168.147.231:57274                                                                                   

[1;34m‘Ú…‘Ú…‘Ú˙ [1;32mScreen sessions [1;90m(T1033)
[0mNo Sockets found in /run/screen/S-[1;96m[1;95mjan[0m[0m.


[1;34m‘Ú…‘Ú…‘Ú˙ [1;32mTmux sessions [1;90m(T1033)
[0m
[1;34m‘Úˆ‘Ú…‘Ú…‘Ú…‘Ú…‘Ú…‘Ú…‘Ú…‘Ú…‘Ú…‘Ú…‘Ú˙ [1;32mLast Logons and Login History [1;90m(T1033)
[0m
[1;34m‘Ú…‘Ú…‘Ú˙ [1;32mLast logins [1;90m(T1033)
[0m[1;96m[1;95mjan[0m[0m      pts/0        192.168.147.231  Tue Oct  6 15:16   still logged in
reboot   [1;34msys[0mtem boot  5.15.0-139-gener Tue Oct  6 15:08   still running
[1;31mroot[0m     pts/0        10.23.8.228      Sun Jun 22 14:40 - crash (471+00:28)
reboot   [1;34msys[0mtem boot  5.15.0-139-gener Sun Jun 22 14:40   still running
[1;31mroot[0m     pts/0        10.23.8.228      Sun Jun 22 14:35 - down   (00:03)
reboot   [1;34msys[0mtem boot  5.4.0-216-generi Sun Jun 22 14:35 - 14:39  (00:03)
[1;31mroot[0m     pts/0        10.23.8.228      Sun Jun 22 14:07 - down   (00:27)
reboot   [1;34msys[0mtem boot  4.15.0-213-gener Sun Jun 22 14:06 - 14:34  (00:27)
[1;31mroot[0m     pts/0        10.23.8.228      Sun Jun 22 13:48 - down   (00:17)
reboot   [1;34msys[0mtem boot  4.4.0-210-generi Sun Jun 22 13:47 - 14:05  (00:17)
[1;31mroot[0m     pts/0        10.23.8.228      Sun Jun 22 13:41 - down   (00:05)
[1;96mkay[0m      pts/0        10.23.8.228      Sun Jun 22 13:40 - 13:41  (00:01)
reboot   [1;34msys[0mtem boot  4.4.0-119-generi Sun Jun 22 13:38 - 13:46  (00:07)
reboot   [1;34msys[0mtem boot  4.4.0-119-generi Thu Nov 15 08:12 - 08:15  (00:02)
[1;96mkay[0m      pts/0        192.168.56.102   Mon Apr 23 16:04 - 16:06  (00:02)
[1;96m[1;95mjan[0m[0m      pts/0        192.168.56.102   Mon Apr 23 15:55 - 16:03  (00:08)
[1;96mkay[0m      tty1                          Mon Apr 23 15:36 - 16:06  (00:30)
[1;96mkay[0m      tty1                          Mon Apr 23 15:33 - 15:36  (00:02)
[1;96mkay[0m      pts/0        192.168.56.102   Mon Apr 23 15:17 - 15:47  (00:29)
[1;96m[1;95mjan[0m[0m      pts/0        192.168.56.102   Mon Apr 23 15:12 - 15:17  (00:05)

wtmp begins Tue Apr 17 13:00:02 2018

[1;34m‘Ú…‘Ú…‘Ú˙ [1;32mFailed login attempts [1;90m(T1033)
[0m
[1;34m‘Ú…‘Ú…‘Ú˙ [1;32mRecent logins from auth.log (limit 20) [1;90m(T1033)
[0m
[1;34m‘Ú…‘Ú…‘Ú˙ [1;32mLast time logon each user [1;90m(T1033)
[0mUsername         Port     From             Latest
[1;31mroot[0m             pts/0    10.23.8.228      Sun Jun 22 14:40:41 -0400 2025
[1;96mkay[0m              pts/0    10.23.8.228      Sun Jun 22 13:40:04 -0400 2025
[1;96m[1;95mjan[0m[0m              pts/0    192.168.147.231  Tue Oct  6 15:16:07 -0400 2026

[1;34m‘Úˆ‘Ú…‘Ú…‘Ú…‘Ú…‘Ú…‘Ú…‘Ú…‘Ú…‘Ú…‘Ú…‘Ú˙ [1;32mDo not forget to test 'su' as any other user with shell: without password and with their names as password (I don't do it in FAST mode...)
[0m
[0m[1;34m‘Úˆ‘Ú…‘Ú…‘Ú…‘Ú…‘Ú…‘Ú…‘Ú…‘Ú…‘Ú…‘Ú…‘Ú˙ [1;32mDo not forget to execute 'sudo -l' without password or with valid password (if you know it)!!
[0m
[0m[1;34m‘Úˆ‘Ú…‘Ú…‘Ú…‘Ú…‘Ú…‘Ú…‘Ú…‘Ú…‘Ú…‘Ú…‘Ú˙ [1;32mActual Group Memberships via newgrp [1;90m(T1069.001)
[0m


[1;34m                             ‘Úˆ‘Ú…‘Ú…‘Ú…‘Ú…‘Ú…‘Ú…‘Ú…‘Ú…‘Ú…‘Ú…‘Ú…‘Ú…‘Ú…‘Ú…‘Ú…‘Ú…‘Ú…‘Ú…‘Ú…‘Ú…‘Ú…‘Ú…‘Ú˘
‘Ú…‘Ú…‘Ú…‘Ú…‘Ú…‘Ú…‘Ú…‘Ú…‘Ú…‘Ú…‘Ú…‘Ú…‘Ú…‘Ú…‘Ú…‘Ú…‘Ú…‘Ú…‘Ú…‘Ú…‘Ú…‘Ú…‘Ú…‘Ú…‘Ú…‘Ú…‘Ú…‘Ú…‘Ú…‘Ú˙ [1;32mSoftware Information[1;34m ‘Ú·‘Ú…‘Ú…‘Ú…‘Ú…‘Ú…‘Ú…‘Ú…‘Ú…‘Ú…‘Ú…‘Ú…‘Ú…‘Ú…‘Ú…‘Ú…‘Ú…‘Ú…‘Ú…‘Ú…‘Ú…‘Ú…‘Ú…‘Ú…‘Ú…‘Ú…‘Ú…‘Ú…‘Ú…‘Ú…
[1;34m                             ‘Ú‹‘Ú…‘Ú…‘Ú…‘Ú…‘Ú…‘Ú…‘Ú…‘Ú…‘Ú…‘Ú…‘Ú…‘Ú…‘Ú…‘Ú…‘Ú…‘Ú…‘Ú…‘Ú…‘Ú…‘Ú…‘Ú…‘Ú…‘Úÿ[0m
[1;34m‘Úˆ‘Ú…‘Ú…‘Ú…‘Ú…‘Ú…‘Ú…‘Ú…‘Ú…‘Ú…‘Ú…‘Ú˙ [1;32mUseful software [1;90m(T1082)
[0m/usr/bin/base64
/usr/bin/curl
/usr/bin/lxc
/bin/nc
/bin/nc.traditional
/bin/netcat
/usr/bin/perl
/bin/ping
/usr/bin/python
/usr/bin/python2
/usr/bin/python2.7
/usr/bin/python3
/usr/bin/python3.6
/usr/bin/sudo
/usr/bin/wget

[1;34m‘Úˆ‘Ú…‘Ú…‘Ú…‘Ú…‘Ú…‘Ú…‘Ú…‘Ú…‘Ú…‘Ú…‘Ú˙ [1;32mInstalled Compilers [1;90m(T1587.001)
[0m/usr/share/gcc-5

[1;34m‘Úˆ‘Ú…‘Ú…‘Ú…‘Ú…‘Ú…‘Ú…‘Ú…‘Ú…‘Ú…‘Ú…‘Ú˙ [1;32mAnalyzing Apache-Nginx Files (limit 70)
[0mApache version: Server version: Apache/2.4.41 (Ubuntu)
Server built:   2025-04-02T18:34:29
[1;90mhttpd Not Found
[0m
Nginx version: [1;90mnginx Not Found
[0m
[1;34m‘Ú…‘Ú…‘Ú˙ [1;32mPHP exec extensions
[0mdrwxr-xr-x 2 root root 4096 Apr 18  2018 /etc/apache2/[1;31msites-enabled[0m
[1;31mdrwxr-xr-x 2 root root 4096 Apr 18  2018 /etc/apache2/sites-enabled[0m
[1;31mlrwxrwxrwx 1 root root 35 Apr 18  2018 /etc/apache2/sites-enabled/000-default.conf -> ../sites-available/000-default.conf[0m
<VirtualHost *:80>
	ServerAdmin webmaster@localhost
	[1;31mDocumentRoot[0m /var/www/html
	ErrorLog ${APACHE_LOG_DIR}/error.log
	CustomLog ${APACHE_LOG_DIR}/access.log combined
</VirtualHost>


-rw-r--r-- 1 root root 1332 Mar 19  2016 /etc/apache2/sites-available/[1;31m000-default.conf[0m
<VirtualHost *:80>
	ServerAdmin webmaster@localhost
	[1;31mDocumentRoot[0m /var/www/html
	ErrorLog ${APACHE_LOG_DIR}/error.log
	CustomLog ${APACHE_LOG_DIR}/access.log combined
</VirtualHost>
lrwxrwxrwx 1 root root 35 Apr 18  2018 /etc/apache2/sites-enabled/000-default.conf -> ../sites-available/[1;31m000-default.conf[0m
<VirtualHost *:80>
	ServerAdmin webmaster@localhost
	[1;31mDocumentRoot[0m /var/www/html
	ErrorLog ${APACHE_LOG_DIR}/error.log
	CustomLog ${APACHE_LOG_DIR}/access.log combined
</VirtualHost>




[1;34m‘Úˆ‘Ú…‘Ú…‘Ú…‘Ú…‘Ú…‘Ú…‘Ú…‘Ú…‘Ú…‘Ú…‘Ú˙ [1;32mBrowser Profiles [1;90m(T1539,T1217)
[0m[1;34m‘Ú‹ [1;34m[3mhttps://book.hacktricks.wiki/en/generic-methodologies-and-resources/basic-forensic-methodology/specific-software-file-type-tricks/browser-artifacts.html
[0m
[1;34m‘Úˆ‘Ú…‘Ú…‘Ú…‘Ú…‘Ú…‘Ú…‘Ú…‘Ú…‘Ú…‘Ú…‘Ú˙ [1;32mSearching AD cached hashes [1;90m(T1003.003)
[0m-rw------- 1 root root 430080 Apr 19  2018 /var/lib/samba/private/secrets.tdb

[1;34m‘Úˆ‘Ú…‘Ú…‘Ú…‘Ú…‘Ú…‘Ú…‘Ú…‘Ú…‘Ú…‘Ú…‘Ú˙ [1;32mAnalyzing Rsync Files (limit 70)
[0m-rw-r--r-- 1 root root 1044 Nov 11  2022 /usr/share/doc/rsync/examples/[1;31mrsyncd.conf[0m
[ftp]
	comment = public archive
	path = /var/www/pub
	use chroot = yes
	lock file = /var/lock/rsyncd
	read only = yes
	list = yes
	uid = nobody
	gid = nogroup
	strict modes = yes
	ignore errors = no
	ignore nonreadable = yes
	transfer logging = no
	timeout = 600
	refuse options = checksum dry-run
	dont compress = *.gz *.tgz *.zip *.z *.rpm *.deb *.iso *.bz2 *.tbz


[1;34m‘Úˆ‘Ú…‘Ú…‘Ú…‘Ú…‘Ú…‘Ú…‘Ú…‘Ú…‘Ú…‘Ú…‘Ú˙ [1;32mAnalyzing PAM Auth Files (limit 70)
[0mdrwxr-xr-x 2 root root 4096 Jun 22  2025 /etc/[1;31mpam.d[0m
-rw-r--r-- 1 root root 2133 Jan 18  2018 /etc/pam.d/[1;31msshd[0m
account    required     pam_nologin.so
session [success=ok ignore=ignore module_unknown=ignore default=bad]        pam_selinux.so close
session    required     pam_loginuid.so
session    optional     pam_keyinit.so force revoke
session    optional     pam_motd.so  motd=/run/motd.dynamic
session    optional     pam_motd.so noupdate
session    optional     pam_mail.so standard noenv # [1]
session    required     pam_limits.so
session    required     pam_env.so # [1]
session    required     pam_env.so [1;31muser[0m_readenv=1 envfile=/etc/default/locale
session [success=ok ignore=ignore module_unknown=ignore default=bad]        pam_selinux.so open

[1;31mdrwxr-xr-x 2 root root 4096 Jun 22  2025 /etc/pam.d[0m
[1;31m-rw-r--r-- 1 root root 143 Mar 12  2016 /etc/pam.d/runuser[0m
auth		sufficient	[1;31mpam_rootok.so[0m
[1;31m-rw-r--r-- 1 root root 270 Jan 12  2022 /etc/pam.d/polkit-1[0m
[1;31m-rw-r--r-- 1 root root 2257 Nov 12  2015 /etc/pam.d/su[0m
auth       sufficient [1;31mpam_rootok.so[0m
[1;31m-rw-r--r-- 1 root root 606 Apr  5  2016 /etc/pam.d/cron[0m
[1;31m-rw-r--r-- 1 root root 1214 Jun 22  2025 /etc/pam.d/common-auth[0m
auth	[success=1 default=ignore]	[1;31mpam_unix.so nullok[0m
auth	required			[1;31mpam_permit.so[0m
[1;31m-rw-r--r-- 1 root root 384 Nov 12  2015 /etc/pam.d/chfn[0m
auth		sufficient	[1;31mpam_rootok.so[0m
[1;31m-rw-r--r-- 1 root root 1440 Jun 22  2025 /etc/pam.d/common-password[0m
password	required			[1;31mpam_permit.so[0m
[1;31m-rw-r--r-- 1 root root 250 Feb 20  2018 /etc/pam.d/atd[0m
[1;31m-rw-r--r-- 1 root root 1208 Jun 22  2025 /etc/pam.d/common-account[0m
account	required			[1;31mpam_permit.so[0m
[1;31m-rw-r--r-- 1 root root 239 Mar 30  2016 /etc/pam.d/sudo[0m
[1;31m-rw-r--r-- 1 root root 4126 Feb  6  2024 /etc/pam.d/login[0m
[1;31m-rw-r--r-- 1 root root 92 Nov 12  2015 /etc/pam.d/chpasswd[0m
[1;31m-rw-r--r-- 1 root root 520 Mar 16  2016 /etc/pam.d/other[0m
[1;31m-rw-r--r-- 1 root root 581 Nov 12  2015 /etc/pam.d/chsh[0m
auth		sufficient	[1;31mpam_rootok.so[0m
[1;31m-rw-r--r-- 1 root root 137 May 30  2023 /etc/pam.d/su-l[0m
[1;31m-rw-r--r-- 1 root root 92 Nov 12  2015 /etc/pam.d/newusers[0m
[1;31m-rw-r--r-- 1 root root 1470 Jun 22  2025 /etc/pam.d/common-session[0m
session	[default=1]			[1;31mpam_permit.so[0m
session	required			[1;31mpam_permit.so[0m
[1;31m-rw-r--r-- 1 root root 2133 Jan 18  2018 /etc/pam.d/sshd[0m
[1;31m-rw-r--r-- 1 root root 84 Mar  7  2016 /etc/pam.d/samba[0m
[1;31m-rw-r--r-- 1 root root 138 Mar 12  2016 /etc/pam.d/runuser-l[0m
[1;31m-rw-r--r-- 1 root root 1435 Jun 22  2025 /etc/pam.d/common-session-noninteractive[0m
session	[default=1]			[1;31mpam_permit.so[0m
session	required			[1;31mpam_permit.so[0m
[1;31m-rw-r--r-- 1 root root 92 Nov 12  2015 /etc/pam.d/passwd[0m
[1;31m-rw-r--r-- 1 root root 119 May  8  2018 /etc/pam.d/vmtoolsd[0m
[1;31m-rw-r--r-- 1 root root 317 Dec 10  2021 /etc/pam.d/systemd-user[0m


[1;34m‘Úˆ‘Ú…‘Ú…‘Ú…‘Ú…‘Ú…‘Ú…‘Ú…‘Ú…‘Ú…‘Ú…‘Ú˙ [1;32mAnalyzing Ldap Files (limit 70)
[0mThe password hash is from the {SSHA} to 'structural'
drwxr-xr-x 2 root root 4096 Jun 22  2025 /etc/[1;31mldap[0m


[1;34m‘Úˆ‘Ú…‘Ú…‘Ú…‘Ú…‘Ú…‘Ú…‘Ú…‘Ú…‘Ú…‘Ú…‘Ú˙ [1;32mAnalyzing Cloud Init Files (limit 70)
[0m-rw-r--r-- 1 root root 3766 Mar 13  2025 /etc/cloud/[1;31mcloud.cfg[0m
    lock_[1;31mpasswd:[0m True
-rw-r--r-- 1 root root 3766 Mar 13  2025 /snap/core20/2599/etc/cloud/[1;31mcloud.cfg[0m
    lock_[1;31mpasswd:[0m True

[1;34m‘Úˆ‘Ú…‘Ú…‘Ú…‘Ú…‘Ú…‘Ú…‘Ú…‘Ú…‘Ú…‘Ú…‘Ú˙ [1;32mAnalyzing Keyring Files (limit 70)
[0mdrwxr-xr-x 2 root root 200 May 26  2025 /snap/core20/2599/usr/share/[1;31mkeyrings[0m
drwxr-xr-x 2 root root 4096 Jun 22  2025 /usr/share/[1;31mkeyrings[0m
drwxr-xr-x 2 root root 4096 Apr 17  2018 /var/lib/apt/[1;31mkeyrings[0m




[1;34m‘Úˆ‘Ú…‘Ú…‘Ú…‘Ú…‘Ú…‘Ú…‘Ú…‘Ú…‘Ú…‘Ú…‘Ú˙ [1;32mAnalyzing Cache Vi Files (limit 70)
[0m
-rw------- 1 root kay 538 Apr 23  2018 /home/kay/[1;31m.viminfo[0m

[1;34m‘Úˆ‘Ú…‘Ú…‘Ú…‘Ú…‘Ú…‘Ú…‘Ú…‘Ú…‘Ú…‘Ú…‘Ú˙ [1;32mAnalyzing Postfix Files (limit 70)
[0m-rw-r--r-- 1 root root 10777 Jun 22  2025 /usr/share/mime/[1;31maliases[0m
-rw-r--r-- 1 root root 2176 Feb 29  2020 /usr/share/X11/xkb/keycodes/[1;31maliases[0m

-rw-r--r-- 1 root root 813 Feb  2  2020 /snap/core20/2599/usr/share/bash-completion/completions/[1;31mpostfix[0m

-rw-r--r-- 1 root root 813 Feb  2  2020 /usr/share/bash-completion/completions/[1;31mpostfix[0m


[1;34m‘Úˆ‘Ú…‘Ú…‘Ú…‘Ú…‘Ú…‘Ú…‘Ú…‘Ú…‘Ú…‘Ú…‘Ú˙ [1;32mAnalyzing Proxy Config Files (limit 70)
[0m-rw-r--r-- 1 root root 106 Jun 22  2025 /etc/[1;31menvironment[0m



[1;34m‘Úˆ‘Ú…‘Ú…‘Ú…‘Ú…‘Ú…‘Ú…‘Ú…‘Ú…‘Ú…‘Ú…‘Ú˙ [1;32mAnalyzing Samba Files (limit 70)
[0msmbstatus only works as root!
-rw-r--r-- 1 root root 278 Jun 22  2025 /etc/samba/[1;31msmb.conf[0m

[1;31mguest ok = yes[0m

-rw-r--r-- 1 root root 8942 Feb  1  2024 /usr/share/samba/[1;31msmb.conf[0m
;   [1;31mlogon script = logon.cmd[0m
;   
;   
;   [1;31mcreate mask = 0700[0m
;   [1;31mdirectory mask = 0700[0m
;   [1;31mguest ok = yes[0m
;   
# The path below should be writable by all users so that their
;   
;   
;   [1;31mcreate mask = 0600[0m
;   [1;31mdirectory mask = 0700[0m
   
   
   
   [1;31mcreate mask = 0700[0m
   [1;31mbrowseable = yes[0m
   
   

[1;34m‘Úˆ‘Ú…‘Ú…‘Ú…‘Ú…‘Ú…‘Ú…‘Ú…‘Ú…‘Ú…‘Ú…‘Ú˙ [1;32mAnalyzing DNS Files (limit 70)
[0m-rw-r--r-- 1 root root 832 Feb  2  2020 /usr/share/bash-completion/completions/[1;31mbind[0m
[1;31m-rw-r--r-- 1 root root 832 Feb  2  2020 /usr/share/bash-completion/completions/bind[0m




[1;34m‘Úˆ‘Ú…‘Ú…‘Ú…‘Ú…‘Ú…‘Ú…‘Ú…‘Ú…‘Ú…‘Ú…‘Ú˙ [1;32mAnalyzing Other Interesting Files (limit 70)
[0m-rw-r--r-- 1 root root 3771 Aug 31  2015 /etc/skel/[1;31m.bashrc[0m
-rw-r--r-- 1 kay kay 3771 Apr 17  2018 /home/kay/[1;31m.bashrc[0m
-rw-r--r-- 1 ubuntu ubuntu 3771 Aug 31  2015 /home/ubuntu/[1;31m.bashrc[0m
-rw-r--r-- 1 root root 3771 Feb 25  2020 /snap/core20/2599/etc/skel/[1;31m.bashrc[0m



-rw------- 1 root jan 47 Apr 23  2018 /home/jan/[1;31m.lesshst[0m
-rw------- 1 root kay 119 Apr 23  2018 /home/kay/[1;31m.lesshst[0m


-rw-r--r-- 1 root root 807 Apr 18  2022 /etc/skel/[1;31m.profile[0m
-rw-r--r-- 1 kay kay 655 Apr 17  2018 /home/kay/[1;31m.profile[0m
-rw-r--r-- 1 ubuntu ubuntu 807 Apr 18  2022 /home/ubuntu/[1;31m.profile[0m
-rw-r--r-- 1 root root 807 Feb 25  2020 /snap/core20/2599/etc/skel/[1;31m.profile[0m



-rw-r--r-- 1 kay kay 0 Apr 17  2018 /home/kay/[1;31m.sudo_as_admin_successful[0m

[1;34m‘Úˆ‘Ú…‘Ú…‘Ú…‘Ú…‘Ú…‘Ú…‘Ú…‘Ú…‘Ú…‘Ú…‘Ú˙ [1;32mAnalyzing FreeIPA Files (limit 70)
[0mdrwxr-xr-x 2 root root 4096 Jun 22  2025 /usr/src/linux-hwe-5.15-headers-5.15.0-139/drivers/net/[1;31mipa[0m



[1;34m‘Úˆ‘Ú…‘Ú…‘Ú…‘Ú…‘Ú…‘Ú…‘Ú…‘Ú…‘Ú…‘Ú…‘Ú˙ [1;32mSearching kerberos conf files and tickets [1;90m(T1558.003)
[0m[1;34m‘Ú‹ [1;34m[3mhttps://book.hacktricks.wiki/en/linux-hardening/user-information/linux-active-directory.html#linux-active-directory
[0mptrace protection [1;32mis enabled[0m (1), you need to disable it to search for tickets inside processes memory
-rw-r--r-- 1 root root 185 Aug  9  2021 /usr/share/samba/setup/krb5.conf
[libdefaults]
	default_realm = ${REALM}
	dns_lookup_realm = false
	dns_lookup_kdc = true

[realms]
${REALM} = {
	default_domain = ${DNSDOMAIN}
}

[domain_realm]
	${HOSTNAME} = ${REALM}
[1;90mtickets kerberos Not Found
[0m[1;90mklist Not Found
[0m

[1;34m‘Úˆ‘Ú…‘Ú…‘Ú…‘Ú…‘Ú…‘Ú…‘Ú…‘Ú…‘Ú…‘Ú…‘Ú˙ [1;32mSearching mysql credentials and exec [1;90m(T1552.001)
[0m
[1;32mMySQL process not found.[0m
[1;34m‘Úˆ‘Ú…‘Ú…‘Ú…‘Ú…‘Ú…‘Ú…‘Ú…‘Ú…‘Ú…‘Ú…‘Ú˙ [1;32mAnalyzing PGP-GPG Files (limit 70)
[0m/usr/bin/gpg
[1;90mgpg Not Found
[0m[1;90mnetpgpkeys Not Found
[0m[1;90mnetpgp Not Found
[0m
-rw-r--r-- 1 root root 2796 Mar 29  2021 /etc/apt/trusted.gpg.d/ubuntu-keyring-2012-archive[1;31m.gpg[0m
-rw-r--r-- 1 root root 2794 Mar 29  2021 /etc/apt/trusted.gpg.d/ubuntu-keyring-2012-cdimage[1;31m.gpg[0m
-rw-r--r-- 1 root root 1733 Mar 29  2021 /etc/apt/trusted.gpg.d/ubuntu-keyring-2018-archive[1;31m.gpg[0m









[1;34m‘Úˆ‘Ú…‘Ú…‘Ú…‘Ú…‘Ú…‘Ú…‘Ú…‘Ú…‘Ú…‘Ú…‘Ú˙ [1;32mChecking for PackageKit Pack2TheRoot (CVE-2026-41651) [1;90m(T1068)
[0m[1;34m‘Ú‹ [1;34m[3mhttps://github.security.telekom.com/2026/04/pack2theroot-linux-local-privilege-escalation.html
[0mPackageKit version detected: 1.1.13-2ubuntu1.1
[1;31;103mVulnerable to CVE-2026-41651 (Pack2TheRoot) - PackageKit 1.1.13-2ubuntu1.1 is below the Ubuntu 20.04 ESM fixed version: 1.1.13-2ubuntu1.1+esm1[0m

[1;34m‘Ú…‘Ú…‘Ú˙ [1;32mPackageKit daemon reachability
[0m[1;31mpkcon/pkmon present - daemon can be activated on demand via D-Bus[0m

[1;34m‘Ú…‘Ú…‘Ú˙ [1;32mIOC: emitted_finished assertion failures
[0mNo emitted_finished assertion failures found in PackageKit logs


[1;34m‘Úˆ‘Ú…‘Ú…‘Ú…‘Ú…‘Ú…‘Ú…‘Ú…‘Ú…‘Ú…‘Ú…‘Ú˙ [1;32mSearching screen sessions [1;90m(T1563)
[0m[1;34m‘Ú‹ [1;34m[3mhttps://book.hacktricks.wiki/en/linux-hardening/linux-basics/linux-privilege-escalation/index.html#open-shell-sessions
[0mScreen version 4.08.00 (GNU) 05-Feb-20
[1;31m[32mNo Sockets found in /run/screen/S-jan.[0m[0m
[1;31m
[0m
[1;31m/run/screen/S-jan[0m[1;34m‘Ú…‘Ú…‘Ú˙ [1;32mChecking other users screen sessions [1;90m(T1563)
[0mUser root screen sessions:
[1;31mMust run suid root for multiuser support.
[0m
User kay screen sessions:
[1;31mMust run suid root for multiuser support.
[0m
User ubuntu screen sessions:
[1;31mMust run suid root for multiuser support.
[0m

[1;34m‘Úˆ‘Ú…‘Ú…‘Ú…‘Ú…‘Ú…‘Ú…‘Ú…‘Ú…‘Ú…‘Ú…‘Ú˙ [1;32mSearching uncommon passwd files (splunk) [1;90m(T1552.001)
[0mpasswd file: [1;31m/etc/pam.d/passwd[0m
passwd file: [1;31m/etc/passwd[0m
passwd file: [1;31m/snap/core20/2599/etc/pam.d/passwd[0m
passwd file: [1;31m/snap/core20/2599/etc/passwd[0m
passwd file: [1;31m/snap/core20/2599/usr/share/bash-completion/completions/passwd[0m
passwd file: [1;31m/snap/core20/2599/usr/share/lintian/overrides/passwd[0m
passwd file: [1;31m/snap/core20/2599/var/lib/extrausers/passwd[0m
passwd file: [1;31m/usr/share/bash-completion/completions/passwd[0m
passwd file: [1;31m/usr/share/lintian/overrides/passwd[0m

[1;34m‘Úˆ‘Ú…‘Ú…‘Ú…‘Ú…‘Ú…‘Ú…‘Ú…‘Ú…‘Ú…‘Ú…‘Ú˙ [1;32mSearching ssl/ssh files [1;90m(T1552.004,T1021.004)
[0m[1;34m‘Úˆ‘Ú…‘Ú…‘Ú…‘Ú…‘Ú…‘Ú…‘Ú…‘Ú…‘Ú…‘Ú…‘Ú˙ [1;32mAnalyzing SSH Files (limit 70)
[0m
-rw-r--r-- 1 kay kay 3326 Apr 19  2018 /home/kay/.ssh/[1;31mid_rsa[0m
-----BEGIN RSA PRIVATE KEY-----
Proc-Type: 4,ENCRYPTED
DEK-Info: AES-128-CBC,6ABA7DE35CDB65070B92C1F760E2FE75
IoNb/J0q2Pd56EZ23oAaJxLvhuSZ1crRr4ONGUAnKcRxg3+9vn6xcujpzUDuUtlZ
o9dyIEJB4wUZTueBPsmb487RdFVkTOVQrVHty1K2aLy2Lka2Cnfjz8Llv+FMadsN
XRvjw/HRiGcXPY8B7nsA1eiPYrPZHIH3QOFIYlSPMYv79RC65i6frkDSvxXzbdfX
AkAN+3T5FU49AEVKBJtZnLTEBw31mxjv0lLXAqIaX5QfeXMacIQOUWCHATlpVXmN
lG4BaG7cVXs1AmPieflx7uN4RuB9NZS4Zp0lplbCb4UEawX0Tt+VKd6kzh+Bk0aU
hWQJCdnb/U+dRasu3oxqyklKU2dPseU7rlvPAqa6y+ogK/woTbnTrkRngKqLQxMl
lIWZye4yrLETfc275hzVVYh6FkLgtOfaly0bMqGIrM+eWVoXOrZPBlv8iyNTDdDE
3jRjqbOGlPs01hAWKIRxUPaEr18lcZ+OlY00Vw2oNL2xKUgtQpV2jwH04yGdXbfJ
LYWlXxnJJpVMhKC6a75pe4ZVxfmMt0QcK4oKO1aRGMqLFNwaPxJYV6HauUoVExN7
bUpo+eLYVs5mo5tbpWDhi0NRfnGP1t6bn7Tvb77ACayGzHdLpIAqZmv/0hwRTnrb
RVhY1CUf7xGNmbmzYHzNEwMppE2i8mFSaVFCJEC3cDgn5TvQUXfh6CJJRVrhdxVy
VqVjsot+CzF7mbWm5nFsTPPlOnndC6JmrUEUjeIbLzBcW6bX5s+b95eFeceWMmVe
B0WhqnPtDtVtg3sFdjxp0hgGXqK4bAMBnM4chFcK7RpvCRjsKyWYVEDJMYvc87Z0
ysvOpVn9WnFOUdON+U4pYP6PmNU4Zd2QekNIWYEXZIZMyypuGCFdA0SARf6/kKwG
oHOACCK3ihAQKKbO+SflgXBaHXb6k0ocMQAWIOxYJunPKN8bzzlQLJs1JrZXibhl
VaPeV7X25NaUyu5u4bgtFhb/f8aBKbel4XlWR+4HxbotpJx6RVByEPZ/kViOq3S1
GpwHSRZon320xA4hOPkcG66JDyHlS6B328uViI6Da6frYiOnA4TEjJTPO5RpcSEK
QKIg65gICbpcWj1U4I9mEHZeHc0r2lyufZbnfYUr0qCVo8+mS8X75seeoNz8auQL
4DI4IXITq5saCHP4y/ntmz1A3Q0FNjZXAqdFK/hTAdhMQ5diGXnNw3tbmD8wGveG
VfNSaExXeZA39jOgm3VboN6cAXpz124Kj0bEwzxCBzWKi0CPHFLYuMoDeLqP/NIk
oSXloJc8aZemIl5RAH5gDCLT4k67wei9j/JQ6zLUT0vSmLono1IiFdsMO4nUnyJ3
z+3XTDtZoUl5NiY4JjCPLhTNNjAlqnpcOaqad7gV3RD/asml2L2kB0UT8PrTtt+S
baXKPFH0dHmownGmDatJP+eMrc6S896+HAXvcvPxlKNtI7+jsNTwuPBCNtSFvo19
l9+xxd55YTVo1Y8RMwjopzx7h8oRt7U+Y9N/BVtbt+XzmYLnu+3qOq4W2qOynM2P
nZjVPpeh+8DBoucB5bfXsiSkNxNYsCED4lspxUE4uMS3yXBpZ/44SyY8KEzrAzaI
fn2nnjwQ1U2FaJwNtMN5OIshONDEABf9Ilaq46LSGpMRahNNXwzozh+/LGFQmGjI
I/zN/2KspUeW/5mqWwvFiK8QU38m7M+mli5ZX76snfJE9suva3ehHP2AeN5hWDMw
X+CuDSIXPo10RDX+OmmoExMQn5xc3LVtZ1RKNqono7fA21CzuCmXI2j/LtmYwZEL
OScgwNTLqpB6SfLDj5cFA5cdZLaXL1t7XDRzWggSnCt+6CxszEndyUOlri9EZ8XX
oHhZ45rgACPHcdWcrKCBfOQS01hJq9nSJe2W403lJmsx/U3YLauUaVgrHkFoejnx
CNpUtuhHcVQssR9cUi5it5toZ+iiDfLoyb+f82Y0wN5Tb6PTd/onVDtskIlfE731
DwOy3Zfl0l1FL6ag0iVwTrPBl1GGQoXf4wMbwv9bDF0Zp/6uatViV1dHeqPD8Otj
Vxfx9bkDezp2Ql2yohUeKBDu+7dYU9k5Ng0SQAk7JJeokD7/m5i8cFwq/g5VQa8r
sGsOxQ5Mr3mKf1n/w6PnBWXYh7n2lL36ZNFacO1V6szMaa8/489apbbjpxhutQNu
Eu/lP8xQlxmmpvPsDACMtqA1IpoVl9m+a+sTRE2EyT8hZIRMiuaaoTZIV4CHuY6Q
3QP52kfZzjBt3ciN2AmYv205ENIJvrsacPi3PZRNlJsbGxmxOkVXdvPC5mR/pnIv
wrrVsgJQJoTpFRShHjQ3qSoJ/r/8/D1VCVtD4UsFZ+j1y9kXKLaT/oK491zK8nwG
URUvqvBhDS7cq8C5rFGJUYD79guGh3He5Y7bl+mdXKNZLMlzOnauC5bKV4i+Yuj7
AGIExXRIJXlwF4G0bsl5vbydM55XlnBRyof62ucYS9ecrAr4NGMggcXfYYncxMyK
AXDKwSwwwf/yHEwX8ggTESv5Ad+BxdeMoiAk8c1Yy1tzwdaMZSnOSyHXuVlB4Jn5
phQL3R8OrZETsuXxfDVKrPeaOKEE1vhEVZQXVSOHGCuiDYkCA6al6WYdI9i2+uNR
ogjvVVBVVZIBH+w5YJhYtrInQ7DMqAyX1YB2pmC+leRgF3yrP9a2kLAaDk9dBQcV
ev6cTcfzhBhyVqml1WqwDUZtROTwfl80jo8QDlq+HE0bvCB/o2FxQKYEtgfH4/UC
D5qrsHAK15DnhH4IXrIkPlA799CXrhWi7mF5Ji41F3O7iAEjwKh6Q/YjgPvgj8LG
OsCP/iugxt7u+91J7qov/RBTrO7GeyX5Lc/SW1j6T6sjKEga8m9fS10h4TErePkT
t/CCVLBkM22Ewao8glguHN5VtaNH0mTLnpjfNLVJCDHl0hKzi3zZmdrxhql+/WJQ
4eaCAHk1hUL3eseN3ZpQWRnDGAAPxH+LgPyE8Sz1it8aPuP8gZABUFjBbEFMwNYB
e5ofsDLuIOhCVzsw/DIUrF+4liQ3R36Bu2R5+kmPFIkkeW1tYWIY7CpfoJSd74VC
3Jt1/ZW3XCb76R75sG5h6Q4N8gu5c/M0cdq16H9MHwpdin9OZTqO2zNxFvpuXthY
-----END RSA PRIVATE KEY-----
-rw-r--r-- 1 kay kay 771 Apr 19  2018 /home/kay/.ssh/[1;31mid_rsa.pub[0m
ssh-rsa AAAAB3NzaC1yc2EAAAADAQABAAACAQCzAsDwjb0ft4IO7Kyux8DWocNiS1aJqpdVEo+gfk8Ng624b9qOQp7LOWDMVIINfCuzkTA3ZugSyo1OehPc0iyD7SfJIMzsETFvlHB3DlLLeNFm11hNeUBCF4Lt6o9uH3lcTuPVyZAvbAt7xD66bKjyEUy3hrpSnruN+M0exdSjaV54PI9TBFkUmmqpXsrWzMj1QaxBxZMq3xaBxTsFvW2nEx0rPOrnltQM4bdAvmvSXtuxLw6e5iCaAy1eoTHw0N6IfeGvwcHXIlCT25gH1gRfS0/NdR9cs78ylxYTLDnNvkxL1J3cVzVHJ/ZfOOWOCK4iJ/K8PIbSnYsBkSnrIlDX27PM7DZCBu+xhIwV5z4hRwwZZG5VcU+nDZZYr4xtpPbQcIQWYjVwr5vF3vehk57ymIWLwNqU/rSnZ0wZH8MURhVFaNOdr/0184Z1dJZ34u3NbIBxEV9XsjAh/L52Dt7DNHWqUJKIL1/NV96LKDqHKCXCRFBOh9BgqJUIAXoDdWLtBunFKu/tgCz0n7SIPSZDxJDhF4StAhFbGCHP9NIMvB890FjJE/vys/PuY3efX1GjTdAijRa019M2f8d0OnJpktNwCIMxEjvKyGQKGPLtTS8o0UAgLfV50Zuhg7H5j6RAJoSgFOtlosnFzwNuxxU05ozHuJ59wsmn5LMK97sbow== I don't have to type a long password anymore!



-rw-rw-r-- 1 kay kay 771 Apr 23  2018 /home/kay/.ssh/[1;31mauthorized_keys[0m
ssh-rsa AAAAB3NzaC1yc2EAAAADAQABAAACAQCzAsDwjb0ft4IO7Kyux8DWocNiS1aJqpdVEo+gfk8Ng624b9qOQp7LOWDMVIINfCuzkTA3ZugSyo1OehPc0iyD7SfJIMzsETFvlHB3DlLLeNFm11hNeUBCF4Lt6o9uH3lcTuPVyZAvbAt7xD66bKjyEUy3hrpSnruN+M0exdSjaV54PI9TBFkUmmqpXsrWzMj1QaxBxZMq3xaBxTsFvW2nEx0rPOrnltQM4bdAvmvSXtuxLw6e5iCaAy1eoTHw0N6IfeGvwcHXIlCT25gH1gRfS0/NdR9cs78ylxYTLDnNvkxL1J3cVzVHJ/ZfOOWOCK4iJ/K8PIbSnYsBkSnrIlDX27PM7DZCBu+xhIwV5z4hRwwZZG5VcU+nDZZYr4xtpPbQcIQWYjVwr5vF3vehk57ymIWLwNqU/rSnZ0wZH8MURhVFaNOdr/0184Z1dJZ34u3NbIBxEV9XsjAh/L52Dt7DNHWqUJKIL1/NV96LKDqHKCXCRFBOh9BgqJUIAXoDdWLtBunFKu/tgCz0n7SIPSZDxJDhF4StAhFbGCHP9NIMvB890FjJE/vys/PuY3efX1GjTdAijRa019M2f8d0OnJpktNwCIMxEjvKyGQKGPLtTS8o0UAgLfV50Zuhg7H5j6RAJoSgFOtlosnFzwNuxxU05ozHuJ59wsmn5LMK97sbow== I don't have to type a long password anymore!

-rw-r--r-- 1 root root 183 Oct  6 15:09 /etc/ssh/ssh_host_ecdsa_key[1;31m.pub[0m
-rw-r--r-- 1 root root 103 Oct  6 15:09 /etc/ssh/ssh_host_ed25519_key[1;31m.pub[0m
-rw-r--r-- 1 root root 575 Oct  6 15:09 /etc/ssh/ssh_host_rsa_key[1;31m.pub[0m
-rw-r--r-- 1 kay kay 771 Apr 19  2018 /home/kay/.ssh/id_rsa[1;31m.pub[0m

ChallengeResponseAuthentication no
UsePAM yes

[1;34m‘Ú…‘Ú…‘Ú˙ [1;32mPossible [1;31mprivate SSH keys[0m were found!
[0m[1;31m/home/kay/.ssh/id_rsa[0m

[1;34m‘Ú…‘Ú…‘Ú˙ [1;32mSome certificates were found (out limited): [1;90m(T1552.004,T1021.004)
[0m/etc/pki/fwupd/LVFS-CA.pem
/etc/pki/fwupd-metadata/LVFS-CA.pem
/etc/pollinate/entropy.ubuntu.com.pem
/etc/ssl/certs/ACCVRAIZ1.pem
/etc/ssl/certs/AC_RAIZ_FNMT-RCM.pem
/etc/ssl/certs/AC_RAIZ_FNMT-RCM_SERVIDORES_SEGUROS.pem
/etc/ssl/certs/Actalis_Authentication_Root_CA.pem
/etc/ssl/certs/AffirmTrust_Commercial.pem
/etc/ssl/certs/AffirmTrust_Networking.pem
/etc/ssl/certs/AffirmTrust_Premium_ECC.pem
/etc/ssl/certs/AffirmTrust_Premium.pem
/etc/ssl/certs/Amazon_Root_CA_1.pem
/etc/ssl/certs/Amazon_Root_CA_2.pem
/etc/ssl/certs/Amazon_Root_CA_3.pem
/etc/ssl/certs/Amazon_Root_CA_4.pem
/etc/ssl/certs/ANF_Secure_Server_Root_CA.pem
/etc/ssl/certs/Atos_TrustedRoot_2011.pem
/etc/ssl/certs/Atos_TrustedRoot_Root_CA_ECC_TLS_2021.pem
/etc/ssl/certs/Atos_TrustedRoot_Root_CA_RSA_TLS_2021.pem
/etc/ssl/certs/Autoridad_de_Certificacion_Firmaprofesional_CIF_A62634068.pem


[1;34m‘Ú…‘Ú…‘Ú˙ [1;32mSome SSH Agent files were found: [1;90m(T1552.004,T1021.004)
[0m/run/user/1001/snapd-session-agent.socket

[1;34m‘Ú…‘Ú…‘Ú˙ [1;32mWritable ssh and gpg agents [1;90m(T1552.004,T1021.004)
[0m/run/user/1001/gnupg/S.gpg-agent
/run/user/1001/gnupg/S.gpg-agent.ssh
/run/user/1001/gnupg/S.gpg-agent.extra
/run/user/1001/gnupg/S.gpg-agent.browser
[1;34m‘Ú…‘Ú…‘Ú˙ [1;32mSome home ssh config file was found [1;90m(T1552.004,T1021.004)
[0m[1;31m/usr/share/openssh/sshd_config[0m
Include /etc/ssh/sshd_config.d/*.conf
ChallengeResponseAuthentication no
UsePAM yes
X11Forwarding yes
PrintMotd no
AcceptEnv LANG LC_*
Subsystem	sftp	/usr/lib/openssh/sftp-server

[1;34m‘Ú…‘Ú…‘Ú˙ [1;32m/etc/hosts.allow file found, trying to read the rules: [1;90m(T1552.004,T1021.004)
[0m/etc/hosts.allow


Searching inside /etc/ssh/ssh_config for interesting info
Include /etc/ssh/ssh_config.d/*.conf
[1;31mHost[0m *
    SendEnv LANG LC_*
    HashKnown[1;31mHost[0ms yes
    GSSAPIAuthentication yes

[1;34m‘Úˆ‘Ú…‘Ú…‘Ú…‘Ú…‘Ú…‘Ú…‘Ú…‘Ú…‘Ú…‘Ú…‘Ú˙ [1;32mSearching tmux sessions
[0m[1;34m‘Ú‹ [1;34m[3mhttps://book.hacktricks.wiki/en/linux-hardening/linux-basics/linux-privilege-escalation/index.html#open-shell-sessions
[0mtmux 3.0a
[1;31m[0m
[1;31m[0m
[1;31m/tmp/tmux-1001[0m



[1;34m                      ‘Úˆ‘Ú…‘Ú…‘Ú…‘Ú…‘Ú…‘Ú…‘Ú…‘Ú…‘Ú…‘Ú…‘Ú…‘Ú…‘Ú…‘Ú…‘Ú…‘Ú…‘Ú…‘Ú…‘Ú…‘Ú…‘Ú…‘Ú…‘Ú…‘Ú…‘Ú…‘Ú…‘Ú…‘Ú…‘Ú…‘Ú…‘Ú…‘Ú…‘Ú…‘Ú…‘Ú…‘Ú…‘Ú˘
‘Ú…‘Ú…‘Ú…‘Ú…‘Ú…‘Ú…‘Ú…‘Ú…‘Ú…‘Ú…‘Ú…‘Ú…‘Ú…‘Ú…‘Ú…‘Ú…‘Ú…‘Ú…‘Ú…‘Ú…‘Ú…‘Ú…‘Ú˙ [1;32mFiles with Interesting Permissions[1;34m ‘Ú·‘Ú…‘Ú…‘Ú…‘Ú…‘Ú…‘Ú…‘Ú…‘Ú…‘Ú…‘Ú…‘Ú…‘Ú…‘Ú…‘Ú…‘Ú…‘Ú…‘Ú…‘Ú…‘Ú…‘Ú…‘Ú…‘Ú…
[1;34m                      ‘Ú‹‘Ú…‘Ú…‘Ú…‘Ú…‘Ú…‘Ú…‘Ú…‘Ú…‘Ú…‘Ú…‘Ú…‘Ú…‘Ú…‘Ú…‘Ú…‘Ú…‘Ú…‘Ú…‘Ú…‘Ú…‘Ú…‘Ú…‘Ú…‘Ú…‘Ú…‘Ú…‘Ú…‘Ú…‘Ú…‘Ú…‘Ú…‘Ú…‘Ú…‘Ú…‘Ú…‘Ú…‘Úÿ[0m
[1;34m‘Úˆ‘Ú…‘Ú…‘Ú…‘Ú…‘Ú…‘Ú…‘Ú…‘Ú…‘Ú…‘Ú…‘Ú˙ [1;32mSUID - Check easy privesc, exploits and write perms [1;90m(T1548.001)
[0m[1;34m‘Ú‹ [1;34m[3mhttps://book.hacktricks.wiki/en/linux-hardening/interesting-files-permissions/suid-sgid-and-acl-triage.html#enumerate-privileged-executables
[0m[1;90mstrings Not Found
[0m-rwsr-xr-x 1 root root 84K Feb  6  2024 /snap/core20/2599/usr/bin[1;31m/chfn  --->  SuSE_9.3/10[0m
-rwsr-xr-x 1 root root 52K Feb  6  2024 /snap/core20/2599/usr/bin[1;32m/chsh[0m
-rwsr-xr-x 1 root root 87K Feb  6  2024 /snap/core20/2599/usr/bin[1;32m/gpasswd[0m
-rwsr-xr-x 1 root root 55K Apr  9  2024 /snap/core20/2599/usr/bin[1;31m/mount  --->  Apple_Mac_OSX(Lion)_Kernel_xnu-1699.32.7_except_xnu-1699.24.8/util-linux_mount<=2.41.3(CVE-2026-27456)/util-linux_mount>=2.39_before_2.41.5_or_2.42.2(CVE-2026-53612)/util-linux_mount>=2.39.1_before_2.41.5_or_2.42.2(CVE-2026-53614)/util-linux_mount_2.39_to_2.41.5_or_2.42_to_2.42.2(CVE-2026-76642)/util-linux_mount_2.42.x_before_2.42.3(CVE-2026-78409)/util-linux_mount<=2.42.2(CVE-2026-78410)[0m
-rwsr-xr-x 1 root root 44K Feb  6  2024 /snap/core20/2599/usr/bin[1;31m/newgrp  --->  HP-UX_10.20[0m
-rwsr-xr-x 1 root root 67K Feb  6  2024 /snap/core20/2599/usr/bin[1;31m/passwd  --->  Apple_Mac_OSX(03-2006)/Solaris_8/9(12-2004)/SPARC_8/9/Sun_Solaris_2.3_to_2.5.1(02-1997)[0m
-rwsr-xr-x 1 root root 67K Apr  9  2024 /snap/core20/2599/usr/bin[1;32m/su[0m
-rwsr-xr-x 1 root root 163K Apr  4  2023 /snap/core20/2599/usr/bin[1;31m/sudo  --->  check_if_the_sudo_version_is_vulnerable[0m
-rwsr-xr-x 1 root root 39K Apr  9  2024 /snap/core20/2599/usr/bin[1;31m/umount  --->  BSD/Linux(08-1996)[0m
-rwsr-xr-- 1 root systemd-network 51K Oct 25  2022 /snap/core20/2599/usr/lib/dbus-1.0[1;32m/dbus-daemon-launch-helper[0m
-rwsr-xr-x 1 root root 467K Apr 11  2025 /snap/core20/2599/usr/lib/openssh[1;32m/ssh-keysign[0m
-rwsr-xr-x 1 root root 177K May 23  2025 /snap/snapd/24718/usr/lib/snapd[1;31m/snap-confine  --->  Ubuntu_snapd<2.37_dirty_sock_Local_Privilege_Escalation(CVE-2019-7304)[0m
-rwsr-xr-x 1 root root 847K Feb  3  2022 /usr/lib/x86_64-linux-gnu/lxc[1;32m/lxc-user-nic[0m
-rwsr-xr-x 1 root root 23K Feb 21  2022 /usr/lib/policykit-1[1;32m/polkit-agent-helper-1[0m
-rwsr-xr-x 1 root root 15K Jul  8  2019 /usr/lib/eject[1;32m/dmcrypt-get-device[0m
-rwsr-xr-x 1 root root 156K Jan 15  2025 /usr/lib/snapd[1;31m/snap-confine  --->  Ubuntu_snapd<2.37_dirty_sock_Local_Privilege_Escalation(CVE-2019-7304)[0m
-rwsr-xr-x 1 root root 467K Apr 11  2025 /usr/lib/openssh[1;32m/ssh-keysign[0m
-rwsr-xr-- 1 root messagebus 51K Oct 25  2022 /usr/lib/dbus-1.0[1;32m/dbus-daemon-launch-helper[0m
-rwsr-xr-x 1 root root 31K Feb 21  2022 /usr/bin[1;31m/pkexec  --->  Linux4.10_to_5.1.17(CVE-2019-13272)/rhel_6(CVE-2011-1485)/Generic_CVE-2021-4034[0m
-rwsr-xr-x 1 root root 44K Feb  6  2024 /usr/bin[1;31m/newgrp  --->  HP-UX_10.20[0m
-rwsr-xr-x 1 root root 84K Feb  6  2024 /usr/bin[1;31m/chfn  --->  SuSE_9.3/10[0m
-rwsr-xr-x 1 root root 163K Apr  4  2023 /usr/bin[1;31m/sudo  --->  check_if_the_sudo_version_is_vulnerable[0m
-rwsr-xr-x 1 root root 52K Feb  6  2024 /usr/bin[1;32m/chsh[0m
-rwsr-xr-x 1 root root 45K Feb  6  2024 /usr/bin[1;32m/newgidmap[0m
-rwsr-sr-x 1 daemon daemon 55K Nov 12  2018 /usr/bin[1;31m/at  --->  RTru64_UNIX_4.0g(CVE-2002-1614)[0m
[1;31mSUID file is owned by non-root user daemon: /usr/bin/at[0m
-rwsr-xr-x 1 root root 87K Feb  6  2024 /usr/bin[1;32m/gpasswd[0m
-rwsr-xr-x 1 root root 41K Feb  6  2024 /usr/bin[1;32m/newuidmap[0m
-rwsr-xr-x 1 root root 67K Feb  6  2024 /usr/bin[1;31m/passwd  --->  Apple_Mac_OSX(03-2006)/Solaris_8/9(12-2004)/SPARC_8/9/Sun_Solaris_2.3_to_2.5.1(02-1997)[0m
-rwsr-xr-x 1 root root 67K Apr  9  2024 /bin[1;32m/su[0m
-rwsr-xr-x 1 root root 39K Apr  9  2024 /bin[1;31m/umount  --->  BSD/Linux(08-1996)[0m
-rwsr-xr-x 1 root root 39K Mar  7  2020 /bin[1;32m/fusermount[0m
-rwsr-xr-x 1 root root 55K Apr  9  2024 /bin[1;31m/mount  --->  Apple_Mac_OSX(Lion)_Kernel_xnu-1699.32.7_except_xnu-1699.24.8/util-linux_mount<=2.41.3(CVE-2026-27456)/util-linux_mount>=2.39_before_2.41.5_or_2.42.2(CVE-2026-53612)/util-linux_mount>=2.39.1_before_2.41.5_or_2.42.2(CVE-2026-53614)/util-linux_mount_2.39_to_2.41.5_or_2.42_to_2.42.2(CVE-2026-76642)/util-linux_mount_2.42.x_before_2.42.3(CVE-2026-78409)/util-linux_mount<=2.42.2(CVE-2026-78410)[0m

[1;34m‘Úˆ‘Ú…‘Ú…‘Ú…‘Ú…‘Ú…‘Ú…‘Ú…‘Ú…‘Ú…‘Ú…‘Ú˙ [1;32mSGID [1;90m(T1548.001)
[0m[1;34m‘Ú‹ [1;34m[3mhttps://book.hacktricks.wiki/en/linux-hardening/interesting-files-permissions/suid-sgid-and-acl-triage.html#enumerate-privileged-executables
[0m-rwxr-sr-x 1 root shadow 83K Feb  6  2024 /snap/core20/2599/usr/bin[1;32m/chage[0m
-rwxr-sr-x 1 root shadow 31K Feb  6  2024 /snap/core20/2599/usr/bin[1;32m/expiry[0m
-rwxr-sr-x 1 root rdma 343K Apr 11  2025 /snap/core20/2599/usr/bin[1;32m/ssh-agent[0m
-rwxr-sr-x 1 root shadow 43K Jan 10  2024 /snap/core20/2599/usr/sbin[1;32m/pam_extrausers_chkpwd[0m
-rwxr-sr-x 1 root shadow 43K Jan 10  2024 /snap/core20/2599/usr/sbin[1;32m/unix_chkpwd[0m
-rwxr-sr-x 1 root shadow 43K Jan 10  2024 /sbin[1;32m/unix_chkpwd[0m
-rwxr-sr-x 1 root shadow 43K Jan 10  2024 /sbin[1;32m/pam_extrausers_chkpwd[0m
-rwxr-sr-x 1 root utmp 15K Sep 30  2019 /usr/lib/x86_64-linux-gnu/utempter[1;32m/utempter[0m
-rwxr-sr-x 1 root crontab 43K Feb 13  2020 /usr/bin[1;32m/crontab[0m
-rwxr-sr-x 1 root tty 15K Mar 30  2020 /usr/bin[1;32m/bsd-write[0m
-rwxr-sr-x 1 root shadow 83K Feb  6  2024 /usr/bin[1;32m/chage[0m
-rwxr-sr-x 1 root ssh 343K Apr 11  2025 /usr/bin[1;32m/ssh-agent[0m
-rwxr-sr-x 1 root shadow 31K Feb  6  2024 /usr/bin[1;32m/expiry[0m
-rwsr-sr-x 1 daemon daemon 55K Nov 12  2018 /usr/bin[1;31m/at  --->  RTru64_UNIX_4.0g(CVE-2002-1614)[0m
[1;31mSGID file is owned by non-root user daemon: /usr/bin/at[0m
-rwxr-sr-x 1 root mlocate 47K Jul 16  2019 /usr/bin[1;32m/mlocate[0m

[1;34m‘Úˆ‘Ú…‘Ú…‘Ú…‘Ú…‘Ú…‘Ú…‘Ú…‘Ú…‘Ú…‘Ú…‘Ú˙ [1;32mFiles with ACLs (limited to 50) [1;90m(T1222)
[0m[1;34m‘Ú‹ [1;34m[3mhttps://book.hacktricks.wiki/en/linux-hardening/interesting-files-permissions/suid-sgid-and-acl-triage.html#inspect-acls-and-sensitive-paths
[0m[1;90mfiles with acls in searched folders Not Found
[0m
[1;34m‘Úˆ‘Ú…‘Ú…‘Ú…‘Ú…‘Ú…‘Ú…‘Ú…‘Ú…‘Ú…‘Ú…‘Ú˙ [1;32mCapabilities [1;90m(T1548.001)
[0m[1;34m‘Ú‹ [1;34m[3mhttps://book.hacktricks.wiki/en/linux-hardening/interesting-files-permissions/linux-capabilities.html
[0m[1;34m‘Ú…‘Ú…‘Ú˙ [1;32mCurrent shell capabilities [1;90m(T1548.001)
[0mCapInh:  WARNING: libcap needs an update (cap=40 should have a name).
0x0000000000000000=
CapPrm:  WARNING: libcap needs an update (cap=40 should have a name).
0x0000000000000000=
CapEff:	 WARNING: libcap needs an update (cap=40 should have a name).
0x0000000000000000=
CapBnd:  WARNING: libcap needs an update (cap=40 should have a name).
0x000001ffffffffff=[1;31mcap_chown[0m,cap_dac_override,cap_dac_read_search,cap_fowner,cap_fsetid,cap_kill,cap_setgid,cap_setuid,cap_setpcap,cap_linux_immutable,cap_net_bind_service,cap_net_broadcast,cap_net_admin,cap_net_raw,cap_ipc_lock,cap_ipc_owner,cap_sys_module,cap_sys_rawio,cap_sys_chroot,cap_sys_ptrace,cap_sys_pacct,cap_sys_admin,cap_sys_boot,cap_sys_nice,cap_sys_resource,cap_sys_time,cap_sys_tty_config,cap_mknod,cap_lease,cap_audit_write,cap_audit_control,cap_setfcap,cap_mac_override,cap_mac_admin,cap_syslog,cap_wake_alarm,cap_block_suspend,cap_audit_read,38,39,40
CapAmb:  WARNING: libcap needs an update (cap=40 should have a name).
0x0000000000000000=

[1;34m‘Ú‹ [1;34m[3mParent process capabilities
[0mCapInh:	 WARNING: libcap needs an update (cap=40 should have a name).
0x0000000000000000=
CapPrm:	 WARNING: libcap needs an update (cap=40 should have a name).
0x0000000000000000=
CapEff:	 WARNING: libcap needs an update (cap=40 should have a name).
0x0000000000000000=
CapBnd:	 WARNING: libcap needs an update (cap=40 should have a name).
0x000001ffffffffff=[1;31mcap_chown[0m,cap_dac_override,cap_dac_read_search,cap_fowner,cap_fsetid,cap_kill,cap_setgid,cap_setuid,cap_setpcap,cap_linux_immutable,cap_net_bind_service,cap_net_broadcast,cap_net_admin,cap_net_raw,cap_ipc_lock,cap_ipc_owner,cap_sys_module,cap_sys_rawio,cap_sys_chroot,cap_sys_ptrace,cap_sys_pacct,cap_sys_admin,cap_sys_boot,cap_sys_nice,cap_sys_resource,cap_sys_time,cap_sys_tty_config,cap_mknod,cap_lease,cap_audit_write,cap_audit_control,cap_setfcap,cap_mac_override,cap_mac_admin,cap_syslog,cap_wake_alarm,cap_block_suspend,cap_audit_read,38,39,40
CapAmb:	 WARNING: libcap needs an update (cap=40 should have a name).
0x0000000000000000=

[1;34m‘Ú…‘Ú…‘Ú˙ [1;32mProcesses with capability sets (non-zero CapEff/CapAmb, limit 40) [1;90m(T1548.001)
[0mPID 1 (systemd) user=root
  CapInh: WARNING: libcap needs an update (cap=40 should have a name).
0x0000000000000000=
  CapPrm: WARNING: libcap needs an update (cap=40 should have a name).
0x000001ffffffffff=[1;31mcap_chown[0m,[1;31mcap_dac_override[0m,[1;31mcap_dac_read_search[0m,[1;31mcap_fowner[0m,[1;31mcap_fsetid[0m,[1;31mcap_kill[0m,[1;31mcap_setgid[0m,[1;31mcap_setuid[0m,[1;31mcap_setpcap[0m,cap_linux_immutable,[1;31mcap_net_bind_service[0m,cap_net_broadcast,[1;31mcap_net_admin[0m,[1;31mcap_net_raw[0m,cap_ipc_lock,cap_ipc_owner,[1;31mcap_sys_module[0m,[1;31mcap_sys_rawio[0m,cap_sys_chroot,[1;31mcap_sys_ptrace[0m,cap_sys_pacct,[1;31mcap_sys_admin[0m,cap_sys_boot,cap_sys_nice,cap_sys_resource,cap_sys_time,cap_sys_tty_config,cap_mknod,cap_lease,cap_audit_write,cap_audit_control,[1;31mcap_setfcap[0m,cap_mac_override,cap_mac_admin,cap_syslog,cap_wake_alarm,cap_block_suspend,cap_audit_read,38,39,40
  CapEff: WARNING: libcap needs an update (cap=40 should have a name).
0x000001ffffffffff=[1;31;103mcap_chown[0m,[1;31;103mcap_dac_override[0m,[1;31;103mcap_dac_read_search[0m,[1;31;103mcap_fowner[0m,[1;31;103mcap_fsetid[0m,[1;31;103mcap_kill[0m,[1;31;103mcap_setgid[0m,[1;31;103mcap_setuid[0m,[1;31;103mcap_setpcap[0m,cap_linux_immutable,[1;31;103mcap_net_bind_service[0m,cap_net_broadcast,[1;31;103mcap_net_admin[0m,[1;31;103mcap_net_raw[0m,cap_ipc_lock,cap_ipc_owner,[1;31;103mcap_sys_module[0m,[1;31;103mcap_sys_rawio[0m,cap_sys_chroot,[1;31;103mcap_sys_ptrace[0m,cap_sys_pacct,[1;31;103mcap_sys_admin[0m,cap_sys_boot,cap_sys_nice,cap_sys_resource,cap_sys_time,cap_sys_tty_config,cap_mknod,cap_lease,cap_audit_write,cap_audit_control,[1;31;103mcap_setfcap[0m,cap_mac_override,cap_mac_admin,cap_syslog,cap_wake_alarm,cap_block_suspend,cap_audit_read,38,39,40
  CapBnd: WARNING: libcap needs an update (cap=40 should have a name).
0x000001ffffffffff=[1;31mcap_chown[0m,[1;31mcap_dac_override[0m,[1;31mcap_dac_read_search[0m,[1;31mcap_fowner[0m,[1;31mcap_fsetid[0m,[1;31mcap_kill[0m,[1;31mcap_setgid[0m,[1;31mcap_setuid[0m,[1;31mcap_setpcap[0m,cap_linux_immutable,[1;31mcap_net_bind_service[0m,cap_net_broadcast,[1;31mcap_net_admin[0m,[1;31mcap_net_raw[0m,cap_ipc_lock,cap_ipc_owner,[1;31mcap_sys_module[0m,[1;31mcap_sys_rawio[0m,cap_sys_chroot,[1;31mcap_sys_ptrace[0m,cap_sys_pacct,[1;31mcap_sys_admin[0m,cap_sys_boot,cap_sys_nice,cap_sys_resource,cap_sys_time,cap_sys_tty_config,cap_mknod,cap_lease,cap_audit_write,cap_audit_control,[1;31mcap_setfcap[0m,cap_mac_override,cap_mac_admin,cap_syslog,cap_wake_alarm,cap_block_suspend,cap_audit_read,38,39,40
  CapAmb: WARNING: libcap needs an update (cap=40 should have a name).
0x0000000000000000=

PID 2 (kthreadd) user=root
  CapInh: WARNING: libcap needs an update (cap=40 should have a name).
0x0000000000000000=
  CapPrm: WARNING: libcap needs an update (cap=40 should have a name).
0x000001ffffffffff=[1;31mcap_chown[0m,[1;31mcap_dac_override[0m,[1;31mcap_dac_read_search[0m,[1;31mcap_fowner[0m,[1;31mcap_fsetid[0m,[1;31mcap_kill[0m,[1;31mcap_setgid[0m,[1;31mcap_setuid[0m,[1;31mcap_setpcap[0m,cap_linux_immutable,[1;31mcap_net_bind_service[0m,cap_net_broadcast,[1;31mcap_net_admin[0m,[1;31mcap_net_raw[0m,cap_ipc_lock,cap_ipc_owner,[1;31mcap_sys_module[0m,[1;31mcap_sys_rawio[0m,cap_sys_chroot,[1;31mcap_sys_ptrace[0m,cap_sys_pacct,[1;31mcap_sys_admin[0m,cap_sys_boot,cap_sys_nice,cap_sys_resource,cap_sys_time,cap_sys_tty_config,cap_mknod,cap_lease,cap_audit_write,cap_audit_control,[1;31mcap_setfcap[0m,cap_mac_override,cap_mac_admin,cap_syslog,cap_wake_alarm,cap_block_suspend,cap_audit_read,38,39,40
  CapEff: WARNING: libcap needs an update (cap=40 should have a name).
0x000001ffffffffff=[1;31;103mcap_chown[0m,[1;31;103mcap_dac_override[0m,[1;31;103mcap_dac_read_search[0m,[1;31;103mcap_fowner[0m,[1;31;103mcap_fsetid[0m,[1;31;103mcap_kill[0m,[1;31;103mcap_setgid[0m,[1;31;103mcap_setuid[0m,[1;31;103mcap_setpcap[0m,cap_linux_immutable,[1;31;103mcap_net_bind_service[0m,cap_net_broadcast,[1;31;103mcap_net_admin[0m,[1;31;103mcap_net_raw[0m,cap_ipc_lock,cap_ipc_owner,[1;31;103mcap_sys_module[0m,[1;31;103mcap_sys_rawio[0m,cap_sys_chroot,[1;31;103mcap_sys_ptrace[0m,cap_sys_pacct,[1;31;103mcap_sys_admin[0m,cap_sys_boot,cap_sys_nice,cap_sys_resource,cap_sys_time,cap_sys_tty_config,cap_mknod,cap_lease,cap_audit_write,cap_audit_control,[1;31;103mcap_setfcap[0m,cap_mac_override,cap_mac_admin,cap_syslog,cap_wake_alarm,cap_block_suspend,cap_audit_read,38,39,40
  CapBnd: WARNING: libcap needs an update (cap=40 should have a name).
0x000001ffffffffff=[1;31mcap_chown[0m,[1;31mcap_dac_override[0m,[1;31mcap_dac_read_search[0m,[1;31mcap_fowner[0m,[1;31mcap_fsetid[0m,[1;31mcap_kill[0m,[1;31mcap_setgid[0m,[1;31mcap_setuid[0m,[1;31mcap_setpcap[0m,cap_linux_immutable,[1;31mcap_net_bind_service[0m,cap_net_broadcast,[1;31mcap_net_admin[0m,[1;31mcap_net_raw[0m,cap_ipc_lock,cap_ipc_owner,[1;31mcap_sys_module[0m,[1;31mcap_sys_rawio[0m,cap_sys_chroot,[1;31mcap_sys_ptrace[0m,cap_sys_pacct,[1;31mcap_sys_admin[0m,cap_sys_boot,cap_sys_nice,cap_sys_resource,cap_sys_time,cap_sys_tty_config,cap_mknod,cap_lease,cap_audit_write,cap_audit_control,[1;31mcap_setfcap[0m,cap_mac_override,cap_mac_admin,cap_syslog,cap_wake_alarm,cap_block_suspend,cap_audit_read,38,39,40
  CapAmb: WARNING: libcap needs an update (cap=40 should have a name).
0x0000000000000000=

PID 3 (rcu_gp) user=root
  CapInh: WARNING: libcap needs an update (cap=40 should have a name).
0x0000000000000000=
  CapPrm: WARNING: libcap needs an update (cap=40 should have a name).
0x000001ffffffffff=[1;31mcap_chown[0m,[1;31mcap_dac_override[0m,[1;31mcap_dac_read_search[0m,[1;31mcap_fowner[0m,[1;31mcap_fsetid[0m,[1;31mcap_kill[0m,[1;31mcap_setgid[0m,[1;31mcap_setuid[0m,[1;31mcap_setpcap[0m,cap_linux_immutable,[1;31mcap_net_bind_service[0m,cap_net_broadcast,[1;31mcap_net_admin[0m,[1;31mcap_net_raw[0m,cap_ipc_lock,cap_ipc_owner,[1;31mcap_sys_module[0m,[1;31mcap_sys_rawio[0m,cap_sys_chroot,[1;31mcap_sys_ptrace[0m,cap_sys_pacct,[1;31mcap_sys_admin[0m,cap_sys_boot,cap_sys_nice,cap_sys_resource,cap_sys_time,cap_sys_tty_config,cap_mknod,cap_lease,cap_audit_write,cap_audit_control,[1;31mcap_setfcap[0m,cap_mac_override,cap_mac_admin,cap_syslog,cap_wake_alarm,cap_block_suspend,cap_audit_read,38,39,40
  CapEff: WARNING: libcap needs an update (cap=40 should have a name).
0x000001ffffffffff=[1;31;103mcap_chown[0m,[1;31;103mcap_dac_override[0m,[1;31;103mcap_dac_read_search[0m,[1;31;103mcap_fowner[0m,[1;31;103mcap_fsetid[0m,[1;31;103mcap_kill[0m,[1;31;103mcap_setgid[0m,[1;31;103mcap_setuid[0m,[1;31;103mcap_setpcap[0m,cap_linux_immutable,[1;31;103mcap_net_bind_service[0m,cap_net_broadcast,[1;31;103mcap_net_admin[0m,[1;31;103mcap_net_raw[0m,cap_ipc_lock,cap_ipc_owner,[1;31;103mcap_sys_module[0m,[1;31;103mcap_sys_rawio[0m,cap_sys_chroot,[1;31;103mcap_sys_ptrace[0m,cap_sys_pacct,[1;31;103mcap_sys_admin[0m,cap_sys_boot,cap_sys_nice,cap_sys_resource,cap_sys_time,cap_sys_tty_config,cap_mknod,cap_lease,cap_audit_write,cap_audit_control,[1;31;103mcap_setfcap[0m,cap_mac_override,cap_mac_admin,cap_syslog,cap_wake_alarm,cap_block_suspend,cap_audit_read,38,39,40
  CapBnd: WARNING: libcap needs an update (cap=40 should have a name).
0x000001ffffffffff=[1;31mcap_chown[0m,[1;31mcap_dac_override[0m,[1;31mcap_dac_read_search[0m,[1;31mcap_fowner[0m,[1;31mcap_fsetid[0m,[1;31mcap_kill[0m,[1;31mcap_setgid[0m,[1;31mcap_setuid[0m,[1;31mcap_setpcap[0m,cap_linux_immutable,[1;31mcap_net_bind_service[0m,cap_net_broadcast,[1;31mcap_net_admin[0m,[1;31mcap_net_raw[0m,cap_ipc_lock,cap_ipc_owner,[1;31mcap_sys_module[0m,[1;31mcap_sys_rawio[0m,cap_sys_chroot,[1;31mcap_sys_ptrace[0m,cap_sys_pacct,[1;31mcap_sys_admin[0m,cap_sys_boot,cap_sys_nice,cap_sys_resource,cap_sys_time,cap_sys_tty_config,cap_mknod,cap_lease,cap_audit_write,cap_audit_control,[1;31mcap_setfcap[0m,cap_mac_override,cap_mac_admin,cap_syslog,cap_wake_alarm,cap_block_suspend,cap_audit_read,38,39,40
  CapAmb: WARNING: libcap needs an update (cap=40 should have a name).
0x0000000000000000=

PID 4 (rcu_par_gp) user=root
  CapInh: WARNING: libcap needs an update (cap=40 should have a name).
0x0000000000000000=
  CapPrm: WARNING: libcap needs an update (cap=40 should have a name).
0x000001ffffffffff=[1;31mcap_chown[0m,[1;31mcap_dac_override[0m,[1;31mcap_dac_read_search[0m,[1;31mcap_fowner[0m,[1;31mcap_fsetid[0m,[1;31mcap_kill[0m,[1;31mcap_setgid[0m,[1;31mcap_setuid[0m,[1;31mcap_setpcap[0m,cap_linux_immutable,[1;31mcap_net_bind_service[0m,cap_net_broadcast,[1;31mcap_net_admin[0m,[1;31mcap_net_raw[0m,cap_ipc_lock,cap_ipc_owner,[1;31mcap_sys_module[0m,[1;31mcap_sys_rawio[0m,cap_sys_chroot,[1;31mcap_sys_ptrace[0m,cap_sys_pacct,[1;31mcap_sys_admin[0m,cap_sys_boot,cap_sys_nice,cap_sys_resource,cap_sys_time,cap_sys_tty_config,cap_mknod,cap_lease,cap_audit_write,cap_audit_control,[1;31mcap_setfcap[0m,cap_mac_override,cap_mac_admin,cap_syslog,cap_wake_alarm,cap_block_suspend,cap_audit_read,38,39,40
  CapEff: WARNING: libcap needs an update (cap=40 should have a name).
0x000001ffffffffff=[1;31;103mcap_chown[0m,[1;31;103mcap_dac_override[0m,[1;31;103mcap_dac_read_search[0m,[1;31;103mcap_fowner[0m,[1;31;103mcap_fsetid[0m,[1;31;103mcap_kill[0m,[1;31;103mcap_setgid[0m,[1;31;103mcap_setuid[0m,[1;31;103mcap_setpcap[0m,cap_linux_immutable,[1;31;103mcap_net_bind_service[0m,cap_net_broadcast,[1;31;103mcap_net_admin[0m,[1;31;103mcap_net_raw[0m,cap_ipc_lock,cap_ipc_owner,[1;31;103mcap_sys_module[0m,[1;31;103mcap_sys_rawio[0m,cap_sys_chroot,[1;31;103mcap_sys_ptrace[0m,cap_sys_pacct,[1;31;103mcap_sys_admin[0m,cap_sys_boot,cap_sys_nice,cap_sys_resource,cap_sys_time,cap_sys_tty_config,cap_mknod,cap_lease,cap_audit_write,cap_audit_control,[1;31;103mcap_setfcap[0m,cap_mac_override,cap_mac_admin,cap_syslog,cap_wake_alarm,cap_block_suspend,cap_audit_read,38,39,40
  CapBnd: WARNING: libcap needs an update (cap=40 should have a name).
0x000001ffffffffff=[1;31mcap_chown[0m,[1;31mcap_dac_override[0m,[1;31mcap_dac_read_search[0m,[1;31mcap_fowner[0m,[1;31mcap_fsetid[0m,[1;31mcap_kill[0m,[1;31mcap_setgid[0m,[1;31mcap_setuid[0m,[1;31mcap_setpcap[0m,cap_linux_immutable,[1;31mcap_net_bind_service[0m,cap_net_broadcast,[1;31mcap_net_admin[0m,[1;31mcap_net_raw[0m,cap_ipc_lock,cap_ipc_owner,[1;31mcap_sys_module[0m,[1;31mcap_sys_rawio[0m,cap_sys_chroot,[1;31mcap_sys_ptrace[0m,cap_sys_pacct,[1;31mcap_sys_admin[0m,cap_sys_boot,cap_sys_nice,cap_sys_resource,cap_sys_time,cap_sys_tty_config,cap_mknod,cap_lease,cap_audit_write,cap_audit_control,[1;31mcap_setfcap[0m,cap_mac_override,cap_mac_admin,cap_syslog,cap_wake_alarm,cap_block_suspend,cap_audit_read,38,39,40
  CapAmb: WARNING: libcap needs an update (cap=40 should have a name).
0x0000000000000000=

PID 5 (slub_flushwq) user=root
  CapInh: WARNING: libcap needs an update (cap=40 should have a name).
0x0000000000000000=
  CapPrm: WARNING: libcap needs an update (cap=40 should have a name).
0x000001ffffffffff=[1;31mcap_chown[0m,[1;31mcap_dac_override[0m,[1;31mcap_dac_read_search[0m,[1;31mcap_fowner[0m,[1;31mcap_fsetid[0m,[1;31mcap_kill[0m,[1;31mcap_setgid[0m,[1;31mcap_setuid[0m,[1;31mcap_setpcap[0m,cap_linux_immutable,[1;31mcap_net_bind_service[0m,cap_net_broadcast,[1;31mcap_net_admin[0m,[1;31mcap_net_raw[0m,cap_ipc_lock,cap_ipc_owner,[1;31mcap_sys_module[0m,[1;31mcap_sys_rawio[0m,cap_sys_chroot,[1;31mcap_sys_ptrace[0m,cap_sys_pacct,[1;31mcap_sys_admin[0m,cap_sys_boot,cap_sys_nice,cap_sys_resource,cap_sys_time,cap_sys_tty_config,cap_mknod,cap_lease,cap_audit_write,cap_audit_control,[1;31mcap_setfcap[0m,cap_mac_override,cap_mac_admin,cap_syslog,cap_wake_alarm,cap_block_suspend,cap_audit_read,38,39,40
  CapEff: WARNING: libcap needs an update (cap=40 should have a name).
0x000001ffffffffff=[1;31;103mcap_chown[0m,[1;31;103mcap_dac_override[0m,[1;31;103mcap_dac_read_search[0m,[1;31;103mcap_fowner[0m,[1;31;103mcap_fsetid[0m,[1;31;103mcap_kill[0m,[1;31;103mcap_setgid[0m,[1;31;103mcap_setuid[0m,[1;31;103mcap_setpcap[0m,cap_linux_immutable,[1;31;103mcap_net_bind_service[0m,cap_net_broadcast,[1;31;103mcap_net_admin[0m,[1;31;103mcap_net_raw[0m,cap_ipc_lock,cap_ipc_owner,[1;31;103mcap_sys_module[0m,[1;31;103mcap_sys_rawio[0m,cap_sys_chroot,[1;31;103mcap_sys_ptrace[0m,cap_sys_pacct,[1;31;103mcap_sys_admin[0m,cap_sys_boot,cap_sys_nice,cap_sys_resource,cap_sys_time,cap_sys_tty_config,cap_mknod,cap_lease,cap_audit_write,cap_audit_control,[1;31;103mcap_setfcap[0m,cap_mac_override,cap_mac_admin,cap_syslog,cap_wake_alarm,cap_block_suspend,cap_audit_read,38,39,40
  CapBnd: WARNING: libcap needs an update (cap=40 should have a name).
0x000001ffffffffff=[1;31mcap_chown[0m,[1;31mcap_dac_override[0m,[1;31mcap_dac_read_search[0m,[1;31mcap_fowner[0m,[1;31mcap_fsetid[0m,[1;31mcap_kill[0m,[1;31mcap_setgid[0m,[1;31mcap_setuid[0m,[1;31mcap_setpcap[0m,cap_linux_immutable,[1;31mcap_net_bind_service[0m,cap_net_broadcast,[1;31mcap_net_admin[0m,[1;31mcap_net_raw[0m,cap_ipc_lock,cap_ipc_owner,[1;31mcap_sys_module[0m,[1;31mcap_sys_rawio[0m,cap_sys_chroot,[1;31mcap_sys_ptrace[0m,cap_sys_pacct,[1;31mcap_sys_admin[0m,cap_sys_boot,cap_sys_nice,cap_sys_resource,cap_sys_time,cap_sys_tty_config,cap_mknod,cap_lease,cap_audit_write,cap_audit_control,[1;31mcap_setfcap[0m,cap_mac_override,cap_mac_admin,cap_syslog,cap_wake_alarm,cap_block_suspend,cap_audit_read,38,39,40
  CapAmb: WARNING: libcap needs an update (cap=40 should have a name).
0x0000000000000000=

PID 6 (netns) user=root
  CapInh: WARNING: libcap needs an update (cap=40 should have a name).
0x0000000000000000=
  CapPrm: WARNING: libcap needs an update (cap=40 should have a name).
0x000001ffffffffff=[1;31mcap_chown[0m,[1;31mcap_dac_override[0m,[1;31mcap_dac_read_search[0m,[1;31mcap_fowner[0m,[1;31mcap_fsetid[0m,[1;31mcap_kill[0m,[1;31mcap_setgid[0m,[1;31mcap_setuid[0m,[1;31mcap_setpcap[0m,cap_linux_immutable,[1;31mcap_net_bind_service[0m,cap_net_broadcast,[1;31mcap_net_admin[0m,[1;31mcap_net_raw[0m,cap_ipc_lock,cap_ipc_owner,[1;31mcap_sys_module[0m,[1;31mcap_sys_rawio[0m,cap_sys_chroot,[1;31mcap_sys_ptrace[0m,cap_sys_pacct,[1;31mcap_sys_admin[0m,cap_sys_boot,cap_sys_nice,cap_sys_resource,cap_sys_time,cap_sys_tty_config,cap_mknod,cap_lease,cap_audit_write,cap_audit_control,[1;31mcap_setfcap[0m,cap_mac_override,cap_mac_admin,cap_syslog,cap_wake_alarm,cap_block_suspend,cap_audit_read,38,39,40
  CapEff: WARNING: libcap needs an update (cap=40 should have a name).
0x000001ffffffffff=[1;31;103mcap_chown[0m,[1;31;103mcap_dac_override[0m,[1;31;103mcap_dac_read_search[0m,[1;31;103mcap_fowner[0m,[1;31;103mcap_fsetid[0m,[1;31;103mcap_kill[0m,[1;31;103mcap_setgid[0m,[1;31;103mcap_setuid[0m,[1;31;103mcap_setpcap[0m,cap_linux_immutable,[1;31;103mcap_net_bind_service[0m,cap_net_broadcast,[1;31;103mcap_net_admin[0m,[1;31;103mcap_net_raw[0m,cap_ipc_lock,cap_ipc_owner,[1;31;103mcap_sys_module[0m,[1;31;103mcap_sys_rawio[0m,cap_sys_chroot,[1;31;103mcap_sys_ptrace[0m,cap_sys_pacct,[1;31;103mcap_sys_admin[0m,cap_sys_boot,cap_sys_nice,cap_sys_resource,cap_sys_time,cap_sys_tty_config,cap_mknod,cap_lease,cap_audit_write,cap_audit_control,[1;31;103mcap_setfcap[0m,cap_mac_override,cap_mac_admin,cap_syslog,cap_wake_alarm,cap_block_suspend,cap_audit_read,38,39,40
  CapBnd: WARNING: libcap needs an update (cap=40 should have a name).
0x000001ffffffffff=[1;31mcap_chown[0m,[1;31mcap_dac_override[0m,[1;31mcap_dac_read_search[0m,[1;31mcap_fowner[0m,[1;31mcap_fsetid[0m,[1;31mcap_kill[0m,[1;31mcap_setgid[0m,[1;31mcap_setuid[0m,[1;31mcap_setpcap[0m,cap_linux_immutable,[1;31mcap_net_bind_service[0m,cap_net_broadcast,[1;31mcap_net_admin[0m,[1;31mcap_net_raw[0m,cap_ipc_lock,cap_ipc_owner,[1;31mcap_sys_module[0m,[1;31mcap_sys_rawio[0m,cap_sys_chroot,[1;31mcap_sys_ptrace[0m,cap_sys_pacct,[1;31mcap_sys_admin[0m,cap_sys_boot,cap_sys_nice,cap_sys_resource,cap_sys_time,cap_sys_tty_config,cap_mknod,cap_lease,cap_audit_write,cap_audit_control,[1;31mcap_setfcap[0m,cap_mac_override,cap_mac_admin,cap_syslog,cap_wake_alarm,cap_block_suspend,cap_audit_read,38,39,40
  CapAmb: WARNING: libcap needs an update (cap=40 should have a name).
0x0000000000000000=

PID 8 (kworker/0:0H-events_highpri) user=root
  CapInh: WARNING: libcap needs an update (cap=40 should have a name).
0x0000000000000000=
  CapPrm: WARNING: libcap needs an update (cap=40 should have a name).
0x000001ffffffffff=[1;31mcap_chown[0m,[1;31mcap_dac_override[0m,[1;31mcap_dac_read_search[0m,[1;31mcap_fowner[0m,[1;31mcap_fsetid[0m,[1;31mcap_kill[0m,[1;31mcap_setgid[0m,[1;31mcap_setuid[0m,[1;31mcap_setpcap[0m,cap_linux_immutable,[1;31mcap_net_bind_service[0m,cap_net_broadcast,[1;31mcap_net_admin[0m,[1;31mcap_net_raw[0m,cap_ipc_lock,cap_ipc_owner,[1;31mcap_sys_module[0m,[1;31mcap_sys_rawio[0m,cap_sys_chroot,[1;31mcap_sys_ptrace[0m,cap_sys_pacct,[1;31mcap_sys_admin[0m,cap_sys_boot,cap_sys_nice,cap_sys_resource,cap_sys_time,cap_sys_tty_config,cap_mknod,cap_lease,cap_audit_write,cap_audit_control,[1;31mcap_setfcap[0m,cap_mac_override,cap_mac_admin,cap_syslog,cap_wake_alarm,cap_block_suspend,cap_audit_read,38,39,40
  CapEff: WARNING: libcap needs an update (cap=40 should have a name).
0x000001ffffffffff=[1;31;103mcap_chown[0m,[1;31;103mcap_dac_override[0m,[1;31;103mcap_dac_read_search[0m,[1;31;103mcap_fowner[0m,[1;31;103mcap_fsetid[0m,[1;31;103mcap_kill[0m,[1;31;103mcap_setgid[0m,[1;31;103mcap_setuid[0m,[1;31;103mcap_setpcap[0m,cap_linux_immutable,[1;31;103mcap_net_bind_service[0m,cap_net_broadcast,[1;31;103mcap_net_admin[0m,[1;31;103mcap_net_raw[0m,cap_ipc_lock,cap_ipc_owner,[1;31;103mcap_sys_module[0m,[1;31;103mcap_sys_rawio[0m,cap_sys_chroot,[1;31;103mcap_sys_ptrace[0m,cap_sys_pacct,[1;31;103mcap_sys_admin[0m,cap_sys_boot,cap_sys_nice,cap_sys_resource,cap_sys_time,cap_sys_tty_config,cap_mknod,cap_lease,cap_audit_write,cap_audit_control,[1;31;103mcap_setfcap[0m,cap_mac_override,cap_mac_admin,cap_syslog,cap_wake_alarm,cap_block_suspend,cap_audit_read,38,39,40
  CapBnd: WARNING: libcap needs an update (cap=40 should have a name).
0x000001ffffffffff=[1;31mcap_chown[0m,[1;31mcap_dac_override[0m,[1;31mcap_dac_read_search[0m,[1;31mcap_fowner[0m,[1;31mcap_fsetid[0m,[1;31mcap_kill[0m,[1;31mcap_setgid[0m,[1;31mcap_setuid[0m,[1;31mcap_setpcap[0m,cap_linux_immutable,[1;31mcap_net_bind_service[0m,cap_net_broadcast,[1;31mcap_net_admin[0m,[1;31mcap_net_raw[0m,cap_ipc_lock,cap_ipc_owner,[1;31mcap_sys_module[0m,[1;31mcap_sys_rawio[0m,cap_sys_chroot,[1;31mcap_sys_ptrace[0m,cap_sys_pacct,[1;31mcap_sys_admin[0m,cap_sys_boot,cap_sys_nice,cap_sys_resource,cap_sys_time,cap_sys_tty_config,cap_mknod,cap_lease,cap_audit_write,cap_audit_control,[1;31mcap_setfcap[0m,cap_mac_override,cap_mac_admin,cap_syslog,cap_wake_alarm,cap_block_suspend,cap_audit_read,38,39,40
  CapAmb: WARNING: libcap needs an update (cap=40 should have a name).
0x0000000000000000=

PID 10 (mm_percpu_wq) user=root
  CapInh: WARNING: libcap needs an update (cap=40 should have a name).
0x0000000000000000=
  CapPrm: WARNING: libcap needs an update (cap=40 should have a name).
0x000001ffffffffff=[1;31mcap_chown[0m,[1;31mcap_dac_override[0m,[1;31mcap_dac_read_search[0m,[1;31mcap_fowner[0m,[1;31mcap_fsetid[0m,[1;31mcap_kill[0m,[1;31mcap_setgid[0m,[1;31mcap_setuid[0m,[1;31mcap_setpcap[0m,cap_linux_immutable,[1;31mcap_net_bind_service[0m,cap_net_broadcast,[1;31mcap_net_admin[0m,[1;31mcap_net_raw[0m,cap_ipc_lock,cap_ipc_owner,[1;31mcap_sys_module[0m,[1;31mcap_sys_rawio[0m,cap_sys_chroot,[1;31mcap_sys_ptrace[0m,cap_sys_pacct,[1;31mcap_sys_admin[0m,cap_sys_boot,cap_sys_nice,cap_sys_resource,cap_sys_time,cap_sys_tty_config,cap_mknod,cap_lease,cap_audit_write,cap_audit_control,[1;31mcap_setfcap[0m,cap_mac_override,cap_mac_admin,cap_syslog,cap_wake_alarm,cap_block_suspend,cap_audit_read,38,39,40
  CapEff: WARNING: libcap needs an update (cap=40 should have a name).
0x000001ffffffffff=[1;31;103mcap_chown[0m,[1;31;103mcap_dac_override[0m,[1;31;103mcap_dac_read_search[0m,[1;31;103mcap_fowner[0m,[1;31;103mcap_fsetid[0m,[1;31;103mcap_kill[0m,[1;31;103mcap_setgid[0m,[1;31;103mcap_setuid[0m,[1;31;103mcap_setpcap[0m,cap_linux_immutable,[1;31;103mcap_net_bind_service[0m,cap_net_broadcast,[1;31;103mcap_net_admin[0m,[1;31;103mcap_net_raw[0m,cap_ipc_lock,cap_ipc_owner,[1;31;103mcap_sys_module[0m,[1;31;103mcap_sys_rawio[0m,cap_sys_chroot,[1;31;103mcap_sys_ptrace[0m,cap_sys_pacct,[1;31;103mcap_sys_admin[0m,cap_sys_boot,cap_sys_nice,cap_sys_resource,cap_sys_time,cap_sys_tty_config,cap_mknod,cap_lease,cap_audit_write,cap_audit_control,[1;31;103mcap_setfcap[0m,cap_mac_override,cap_mac_admin,cap_syslog,cap_wake_alarm,cap_block_suspend,cap_audit_read,38,39,40
  CapBnd: WARNING: libcap needs an update (cap=40 should have a name).
0x000001ffffffffff=[1;31mcap_chown[0m,[1;31mcap_dac_override[0m,[1;31mcap_dac_read_search[0m,[1;31mcap_fowner[0m,[1;31mcap_fsetid[0m,[1;31mcap_kill[0m,[1;31mcap_setgid[0m,[1;31mcap_setuid[0m,[1;31mcap_setpcap[0m,cap_linux_immutable,[1;31mcap_net_bind_service[0m,cap_net_broadcast,[1;31mcap_net_admin[0m,[1;31mcap_net_raw[0m,cap_ipc_lock,cap_ipc_owner,[1;31mcap_sys_module[0m,[1;31mcap_sys_rawio[0m,cap_sys_chroot,[1;31mcap_sys_ptrace[0m,cap_sys_pacct,[1;31mcap_sys_admin[0m,cap_sys_boot,cap_sys_nice,cap_sys_resource,cap_sys_time,cap_sys_tty_config,cap_mknod,cap_lease,cap_audit_write,cap_audit_control,[1;31mcap_setfcap[0m,cap_mac_override,cap_mac_admin,cap_syslog,cap_wake_alarm,cap_block_suspend,cap_audit_read,38,39,40
  CapAmb: WARNING: libcap needs an update (cap=40 should have a name).
0x0000000000000000=

PID 11 (rcu_tasks_rude_) user=root
  CapInh: WARNING: libcap needs an update (cap=40 should have a name).
0x0000000000000000=
  CapPrm: WARNING: libcap needs an update (cap=40 should have a name).
0x000001ffffffffff=[1;31mcap_chown[0m,[1;31mcap_dac_override[0m,[1;31mcap_dac_read_search[0m,[1;31mcap_fowner[0m,[1;31mcap_fsetid[0m,[1;31mcap_kill[0m,[1;31mcap_setgid[0m,[1;31mcap_setuid[0m,[1;31mcap_setpcap[0m,cap_linux_immutable,[1;31mcap_net_bind_service[0m,cap_net_broadcast,[1;31mcap_net_admin[0m,[1;31mcap_net_raw[0m,cap_ipc_lock,cap_ipc_owner,[1;31mcap_sys_module[0m,[1;31mcap_sys_rawio[0m,cap_sys_chroot,[1;31mcap_sys_ptrace[0m,cap_sys_pacct,[1;31mcap_sys_admin[0m,cap_sys_boot,cap_sys_nice,cap_sys_resource,cap_sys_time,cap_sys_tty_config,cap_mknod,cap_lease,cap_audit_write,cap_audit_control,[1;31mcap_setfcap[0m,cap_mac_override,cap_mac_admin,cap_syslog,cap_wake_alarm,cap_block_suspend,cap_audit_read,38,39,40
  CapEff: WARNING: libcap needs an update (cap=40 should have a name).
0x000001ffffffffff=[1;31;103mcap_chown[0m,[1;31;103mcap_dac_override[0m,[1;31;103mcap_dac_read_search[0m,[1;31;103mcap_fowner[0m,[1;31;103mcap_fsetid[0m,[1;31;103mcap_kill[0m,[1;31;103mcap_setgid[0m,[1;31;103mcap_setuid[0m,[1;31;103mcap_setpcap[0m,cap_linux_immutable,[1;31;103mcap_net_bind_service[0m,cap_net_broadcast,[1;31;103mcap_net_admin[0m,[1;31;103mcap_net_raw[0m,cap_ipc_lock,cap_ipc_owner,[1;31;103mcap_sys_module[0m,[1;31;103mcap_sys_rawio[0m,cap_sys_chroot,[1;31;103mcap_sys_ptrace[0m,cap_sys_pacct,[1;31;103mcap_sys_admin[0m,cap_sys_boot,cap_sys_nice,cap_sys_resource,cap_sys_time,cap_sys_tty_config,cap_mknod,cap_lease,cap_audit_write,cap_audit_control,[1;31;103mcap_setfcap[0m,cap_mac_override,cap_mac_admin,cap_syslog,cap_wake_alarm,cap_block_suspend,cap_audit_read,38,39,40
  CapBnd: WARNING: libcap needs an update (cap=40 should have a name).
0x000001ffffffffff=[1;31mcap_chown[0m,[1;31mcap_dac_override[0m,[1;31mcap_dac_read_search[0m,[1;31mcap_fowner[0m,[1;31mcap_fsetid[0m,[1;31mcap_kill[0m,[1;31mcap_setgid[0m,[1;31mcap_setuid[0m,[1;31mcap_setpcap[0m,cap_linux_immutable,[1;31mcap_net_bind_service[0m,cap_net_broadcast,[1;31mcap_net_admin[0m,[1;31mcap_net_raw[0m,cap_ipc_lock,cap_ipc_owner,[1;31mcap_sys_module[0m,[1;31mcap_sys_rawio[0m,cap_sys_chroot,[1;31mcap_sys_ptrace[0m,cap_sys_pacct,[1;31mcap_sys_admin[0m,cap_sys_boot,cap_sys_nice,cap_sys_resource,cap_sys_time,cap_sys_tty_config,cap_mknod,cap_lease,cap_audit_write,cap_audit_control,[1;31mcap_setfcap[0m,cap_mac_override,cap_mac_admin,cap_syslog,cap_wake_alarm,cap_block_suspend,cap_audit_read,38,39,40
  CapAmb: WARNING: libcap needs an update (cap=40 should have a name).
0x0000000000000000=

PID 12 (rcu_tasks_trace) user=root
  CapInh: WARNING: libcap needs an update (cap=40 should have a name).
0x0000000000000000=
  CapPrm: WARNING: libcap needs an update (cap=40 should have a name).
0x000001ffffffffff=[1;31mcap_chown[0m,[1;31mcap_dac_override[0m,[1;31mcap_dac_read_search[0m,[1;31mcap_fowner[0m,[1;31mcap_fsetid[0m,[1;31mcap_kill[0m,[1;31mcap_setgid[0m,[1;31mcap_setuid[0m,[1;31mcap_setpcap[0m,cap_linux_immutable,[1;31mcap_net_bind_service[0m,cap_net_broadcast,[1;31mcap_net_admin[0m,[1;31mcap_net_raw[0m,cap_ipc_lock,cap_ipc_owner,[1;31mcap_sys_module[0m,[1;31mcap_sys_rawio[0m,cap_sys_chroot,[1;31mcap_sys_ptrace[0m,cap_sys_pacct,[1;31mcap_sys_admin[0m,cap_sys_boot,cap_sys_nice,cap_sys_resource,cap_sys_time,cap_sys_tty_config,cap_mknod,cap_lease,cap_audit_write,cap_audit_control,[1;31mcap_setfcap[0m,cap_mac_override,cap_mac_admin,cap_syslog,cap_wake_alarm,cap_block_suspend,cap_audit_read,38,39,40
  CapEff: WARNING: libcap needs an update (cap=40 should have a name).
0x000001ffffffffff=[1;31;103mcap_chown[0m,[1;31;103mcap_dac_override[0m,[1;31;103mcap_dac_read_search[0m,[1;31;103mcap_fowner[0m,[1;31;103mcap_fsetid[0m,[1;31;103mcap_kill[0m,[1;31;103mcap_setgid[0m,[1;31;103mcap_setuid[0m,[1;31;103mcap_setpcap[0m,cap_linux_immutable,[1;31;103mcap_net_bind_service[0m,cap_net_broadcast,[1;31;103mcap_net_admin[0m,[1;31;103mcap_net_raw[0m,cap_ipc_lock,cap_ipc_owner,[1;31;103mcap_sys_module[0m,[1;31;103mcap_sys_rawio[0m,cap_sys_chroot,[1;31;103mcap_sys_ptrace[0m,cap_sys_pacct,[1;31;103mcap_sys_admin[0m,cap_sys_boot,cap_sys_nice,cap_sys_resource,cap_sys_time,cap_sys_tty_config,cap_mknod,cap_lease,cap_audit_write,cap_audit_control,[1;31;103mcap_setfcap[0m,cap_mac_override,cap_mac_admin,cap_syslog,cap_wake_alarm,cap_block_suspend,cap_audit_read,38,39,40
  CapBnd: WARNING: libcap needs an update (cap=40 should have a name).
0x000001ffffffffff=[1;31mcap_chown[0m,[1;31mcap_dac_override[0m,[1;31mcap_dac_read_search[0m,[1;31mcap_fowner[0m,[1;31mcap_fsetid[0m,[1;31mcap_kill[0m,[1;31mcap_setgid[0m,[1;31mcap_setuid[0m,[1;31mcap_setpcap[0m,cap_linux_immutable,[1;31mcap_net_bind_service[0m,cap_net_broadcast,[1;31mcap_net_admin[0m,[1;31mcap_net_raw[0m,cap_ipc_lock,cap_ipc_owner,[1;31mcap_sys_module[0m,[1;31mcap_sys_rawio[0m,cap_sys_chroot,[1;31mcap_sys_ptrace[0m,cap_sys_pacct,[1;31mcap_sys_admin[0m,cap_sys_boot,cap_sys_nice,cap_sys_resource,cap_sys_time,cap_sys_tty_config,cap_mknod,cap_lease,cap_audit_write,cap_audit_control,[1;31mcap_setfcap[0m,cap_mac_override,cap_mac_admin,cap_syslog,cap_wake_alarm,cap_block_suspend,cap_audit_read,38,39,40
  CapAmb: WARNING: libcap needs an update (cap=40 should have a name).
0x0000000000000000=

PID 13 (ksoftirqd/0) user=root
  CapInh: WARNING: libcap needs an update (cap=40 should have a name).
0x0000000000000000=
  CapPrm: WARNING: libcap needs an update (cap=40 should have a name).
0x000001ffffffffff=[1;31mcap_chown[0m,[1;31mcap_dac_override[0m,[1;31mcap_dac_read_search[0m,[1;31mcap_fowner[0m,[1;31mcap_fsetid[0m,[1;31mcap_kill[0m,[1;31mcap_setgid[0m,[1;31mcap_setuid[0m,[1;31mcap_setpcap[0m,cap_linux_immutable,[1;31mcap_net_bind_service[0m,cap_net_broadcast,[1;31mcap_net_admin[0m,[1;31mcap_net_raw[0m,cap_ipc_lock,cap_ipc_owner,[1;31mcap_sys_module[0m,[1;31mcap_sys_rawio[0m,cap_sys_chroot,[1;31mcap_sys_ptrace[0m,cap_sys_pacct,[1;31mcap_sys_admin[0m,cap_sys_boot,cap_sys_nice,cap_sys_resource,cap_sys_time,cap_sys_tty_config,cap_mknod,cap_lease,cap_audit_write,cap_audit_control,[1;31mcap_setfcap[0m,cap_mac_override,cap_mac_admin,cap_syslog,cap_wake_alarm,cap_block_suspend,cap_audit_read,38,39,40
  CapEff: WARNING: libcap needs an update (cap=40 should have a name).
0x000001ffffffffff=[1;31;103mcap_chown[0m,[1;31;103mcap_dac_override[0m,[1;31;103mcap_dac_read_search[0m,[1;31;103mcap_fowner[0m,[1;31;103mcap_fsetid[0m,[1;31;103mcap_kill[0m,[1;31;103mcap_setgid[0m,[1;31;103mcap_setuid[0m,[1;31;103mcap_setpcap[0m,cap_linux_immutable,[1;31;103mcap_net_bind_service[0m,cap_net_broadcast,[1;31;103mcap_net_admin[0m,[1;31;103mcap_net_raw[0m,cap_ipc_lock,cap_ipc_owner,[1;31;103mcap_sys_module[0m,[1;31;103mcap_sys_rawio[0m,cap_sys_chroot,[1;31;103mcap_sys_ptrace[0m,cap_sys_pacct,[1;31;103mcap_sys_admin[0m,cap_sys_boot,cap_sys_nice,cap_sys_resource,cap_sys_time,cap_sys_tty_config,cap_mknod,cap_lease,cap_audit_write,cap_audit_control,[1;31;103mcap_setfcap[0m,cap_mac_override,cap_mac_admin,cap_syslog,cap_wake_alarm,cap_block_suspend,cap_audit_read,38,39,40
  CapBnd: WARNING: libcap needs an update (cap=40 should have a name).
0x000001ffffffffff=[1;31mcap_chown[0m,[1;31mcap_dac_override[0m,[1;31mcap_dac_read_search[0m,[1;31mcap_fowner[0m,[1;31mcap_fsetid[0m,[1;31mcap_kill[0m,[1;31mcap_setgid[0m,[1;31mcap_setuid[0m,[1;31mcap_setpcap[0m,cap_linux_immutable,[1;31mcap_net_bind_service[0m,cap_net_broadcast,[1;31mcap_net_admin[0m,[1;31mcap_net_raw[0m,cap_ipc_lock,cap_ipc_owner,[1;31mcap_sys_module[0m,[1;31mcap_sys_rawio[0m,cap_sys_chroot,[1;31mcap_sys_ptrace[0m,cap_sys_pacct,[1;31mcap_sys_admin[0m,cap_sys_boot,cap_sys_nice,cap_sys_resource,cap_sys_time,cap_sys_tty_config,cap_mknod,cap_lease,cap_audit_write,cap_audit_control,[1;31mcap_setfcap[0m,cap_mac_override,cap_mac_admin,cap_syslog,cap_wake_alarm,cap_block_suspend,cap_audit_read,38,39,40
  CapAmb: WARNING: libcap needs an update (cap=40 should have a name).
0x0000000000000000=

PID 14 (rcu_sched) user=root
  CapInh: WARNING: libcap needs an update (cap=40 should have a name).
0x0000000000000000=
  CapPrm: WARNING: libcap needs an update (cap=40 should have a name).
0x000001ffffffffff=[1;31mcap_chown[0m,[1;31mcap_dac_override[0m,[1;31mcap_dac_read_search[0m,[1;31mcap_fowner[0m,[1;31mcap_fsetid[0m,[1;31mcap_kill[0m,[1;31mcap_setgid[0m,[1;31mcap_setuid[0m,[1;31mcap_setpcap[0m,cap_linux_immutable,[1;31mcap_net_bind_service[0m,cap_net_broadcast,[1;31mcap_net_admin[0m,[1;31mcap_net_raw[0m,cap_ipc_lock,cap_ipc_owner,[1;31mcap_sys_module[0m,[1;31mcap_sys_rawio[0m,cap_sys_chroot,[1;31mcap_sys_ptrace[0m,cap_sys_pacct,[1;31mcap_sys_admin[0m,cap_sys_boot,cap_sys_nice,cap_sys_resource,cap_sys_time,cap_sys_tty_config,cap_mknod,cap_lease,cap_audit_write,cap_audit_control,[1;31mcap_setfcap[0m,cap_mac_override,cap_mac_admin,cap_syslog,cap_wake_alarm,cap_block_suspend,cap_audit_read,38,39,40
  CapEff: WARNING: libcap needs an update (cap=40 should have a name).
0x000001ffffffffff=[1;31;103mcap_chown[0m,[1;31;103mcap_dac_override[0m,[1;31;103mcap_dac_read_search[0m,[1;31;103mcap_fowner[0m,[1;31;103mcap_fsetid[0m,[1;31;103mcap_kill[0m,[1;31;103mcap_setgid[0m,[1;31;103mcap_setuid[0m,[1;31;103mcap_setpcap[0m,cap_linux_immutable,[1;31;103mcap_net_bind_service[0m,cap_net_broadcast,[1;31;103mcap_net_admin[0m,[1;31;103mcap_net_raw[0m,cap_ipc_lock,cap_ipc_owner,[1;31;103mcap_sys_module[0m,[1;31;103mcap_sys_rawio[0m,cap_sys_chroot,[1;31;103mcap_sys_ptrace[0m,cap_sys_pacct,[1;31;103mcap_sys_admin[0m,cap_sys_boot,cap_sys_nice,cap_sys_resource,cap_sys_time,cap_sys_tty_config,cap_mknod,cap_lease,cap_audit_write,cap_audit_control,[1;31;103mcap_setfcap[0m,cap_mac_override,cap_mac_admin,cap_syslog,cap_wake_alarm,cap_block_suspend,cap_audit_read,38,39,40
  CapBnd: WARNING: libcap needs an update (cap=40 should have a name).
0x000001ffffffffff=[1;31mcap_chown[0m,[1;31mcap_dac_override[0m,[1;31mcap_dac_read_search[0m,[1;31mcap_fowner[0m,[1;31mcap_fsetid[0m,[1;31mcap_kill[0m,[1;31mcap_setgid[0m,[1;31mcap_setuid[0m,[1;31mcap_setpcap[0m,cap_linux_immutable,[1;31mcap_net_bind_service[0m,cap_net_broadcast,[1;31mcap_net_admin[0m,[1;31mcap_net_raw[0m,cap_ipc_lock,cap_ipc_owner,[1;31mcap_sys_module[0m,[1;31mcap_sys_rawio[0m,cap_sys_chroot,[1;31mcap_sys_ptrace[0m,cap_sys_pacct,[1;31mcap_sys_admin[0m,cap_sys_boot,cap_sys_nice,cap_sys_resource,cap_sys_time,cap_sys_tty_config,cap_mknod,cap_lease,cap_audit_write,cap_audit_control,[1;31mcap_setfcap[0m,cap_mac_override,cap_mac_admin,cap_syslog,cap_wake_alarm,cap_block_suspend,cap_audit_read,38,39,40
  CapAmb: WARNING: libcap needs an update (cap=40 should have a name).
0x0000000000000000=

PID 15 (migration/0) user=root
  CapInh: WARNING: libcap needs an update (cap=40 should have a name).
0x0000000000000000=
  CapPrm: WARNING: libcap needs an update (cap=40 should have a name).
0x000001ffffffffff=[1;31mcap_chown[0m,[1;31mcap_dac_override[0m,[1;31mcap_dac_read_search[0m,[1;31mcap_fowner[0m,[1;31mcap_fsetid[0m,[1;31mcap_kill[0m,[1;31mcap_setgid[0m,[1;31mcap_setuid[0m,[1;31mcap_setpcap[0m,cap_linux_immutable,[1;31mcap_net_bind_service[0m,cap_net_broadcast,[1;31mcap_net_admin[0m,[1;31mcap_net_raw[0m,cap_ipc_lock,cap_ipc_owner,[1;31mcap_sys_module[0m,[1;31mcap_sys_rawio[0m,cap_sys_chroot,[1;31mcap_sys_ptrace[0m,cap_sys_pacct,[1;31mcap_sys_admin[0m,cap_sys_boot,cap_sys_nice,cap_sys_resource,cap_sys_time,cap_sys_tty_config,cap_mknod,cap_lease,cap_audit_write,cap_audit_control,[1;31mcap_setfcap[0m,cap_mac_override,cap_mac_admin,cap_syslog,cap_wake_alarm,cap_block_suspend,cap_audit_read,38,39,40
  CapEff: WARNING: libcap needs an update (cap=40 should have a name).
0x000001ffffffffff=[1;31;103mcap_chown[0m,[1;31;103mcap_dac_override[0m,[1;31;103mcap_dac_read_search[0m,[1;31;103mcap_fowner[0m,[1;31;103mcap_fsetid[0m,[1;31;103mcap_kill[0m,[1;31;103mcap_setgid[0m,[1;31;103mcap_setuid[0m,[1;31;103mcap_setpcap[0m,cap_linux_immutable,[1;31;103mcap_net_bind_service[0m,cap_net_broadcast,[1;31;103mcap_net_admin[0m,[1;31;103mcap_net_raw[0m,cap_ipc_lock,cap_ipc_owner,[1;31;103mcap_sys_module[0m,[1;31;103mcap_sys_rawio[0m,cap_sys_chroot,[1;31;103mcap_sys_ptrace[0m,cap_sys_pacct,[1;31;103mcap_sys_admin[0m,cap_sys_boot,cap_sys_nice,cap_sys_resource,cap_sys_time,cap_sys_tty_config,cap_mknod,cap_lease,cap_audit_write,cap_audit_control,[1;31;103mcap_setfcap[0m,cap_mac_override,cap_mac_admin,cap_syslog,cap_wake_alarm,cap_block_suspend,cap_audit_read,38,39,40
  CapBnd: WARNING: libcap needs an update (cap=40 should have a name).
0x000001ffffffffff=[1;31mcap_chown[0m,[1;31mcap_dac_override[0m,[1;31mcap_dac_read_search[0m,[1;31mcap_fowner[0m,[1;31mcap_fsetid[0m,[1;31mcap_kill[0m,[1;31mcap_setgid[0m,[1;31mcap_setuid[0m,[1;31mcap_setpcap[0m,cap_linux_immutable,[1;31mcap_net_bind_service[0m,cap_net_broadcast,[1;31mcap_net_admin[0m,[1;31mcap_net_raw[0m,cap_ipc_lock,cap_ipc_owner,[1;31mcap_sys_module[0m,[1;31mcap_sys_rawio[0m,cap_sys_chroot,[1;31mcap_sys_ptrace[0m,cap_sys_pacct,[1;31mcap_sys_admin[0m,cap_sys_boot,cap_sys_nice,cap_sys_resource,cap_sys_time,cap_sys_tty_config,cap_mknod,cap_lease,cap_audit_write,cap_audit_control,[1;31mcap_setfcap[0m,cap_mac_override,cap_mac_admin,cap_syslog,cap_wake_alarm,cap_block_suspend,cap_audit_read,38,39,40
  CapAmb: WARNING: libcap needs an update (cap=40 should have a name).
0x0000000000000000=

PID 16 (idle_inject/0) user=root
  CapInh: WARNING: libcap needs an update (cap=40 should have a name).
0x0000000000000000=
  CapPrm: WARNING: libcap needs an update (cap=40 should have a name).
0x000001ffffffffff=[1;31mcap_chown[0m,[1;31mcap_dac_override[0m,[1;31mcap_dac_read_search[0m,[1;31mcap_fowner[0m,[1;31mcap_fsetid[0m,[1;31mcap_kill[0m,[1;31mcap_setgid[0m,[1;31mcap_setuid[0m,[1;31mcap_setpcap[0m,cap_linux_immutable,[1;31mcap_net_bind_service[0m,cap_net_broadcast,[1;31mcap_net_admin[0m,[1;31mcap_net_raw[0m,cap_ipc_lock,cap_ipc_owner,[1;31mcap_sys_module[0m,[1;31mcap_sys_rawio[0m,cap_sys_chroot,[1;31mcap_sys_ptrace[0m,cap_sys_pacct,[1;31mcap_sys_admin[0m,cap_sys_boot,cap_sys_nice,cap_sys_resource,cap_sys_time,cap_sys_tty_config,cap_mknod,cap_lease,cap_audit_write,cap_audit_control,[1;31mcap_setfcap[0m,cap_mac_override,cap_mac_admin,cap_syslog,cap_wake_alarm,cap_block_suspend,cap_audit_read,38,39,40
  CapEff: WARNING: libcap needs an update (cap=40 should have a name).
0x000001ffffffffff=[1;31;103mcap_chown[0m,[1;31;103mcap_dac_override[0m,[1;31;103mcap_dac_read_search[0m,[1;31;103mcap_fowner[0m,[1;31;103mcap_fsetid[0m,[1;31;103mcap_kill[0m,[1;31;103mcap_setgid[0m,[1;31;103mcap_setuid[0m,[1;31;103mcap_setpcap[0m,cap_linux_immutable,[1;31;103mcap_net_bind_service[0m,cap_net_broadcast,[1;31;103mcap_net_admin[0m,[1;31;103mcap_net_raw[0m,cap_ipc_lock,cap_ipc_owner,[1;31;103mcap_sys_module[0m,[1;31;103mcap_sys_rawio[0m,cap_sys_chroot,[1;31;103mcap_sys_ptrace[0m,cap_sys_pacct,[1;31;103mcap_sys_admin[0m,cap_sys_boot,cap_sys_nice,cap_sys_resource,cap_sys_time,cap_sys_tty_config,cap_mknod,cap_lease,cap_audit_write,cap_audit_control,[1;31;103mcap_setfcap[0m,cap_mac_override,cap_mac_admin,cap_syslog,cap_wake_alarm,cap_block_suspend,cap_audit_read,38,39,40
  CapBnd: WARNING: libcap needs an update (cap=40 should have a name).
0x000001ffffffffff=[1;31mcap_chown[0m,[1;31mcap_dac_override[0m,[1;31mcap_dac_read_search[0m,[1;31mcap_fowner[0m,[1;31mcap_fsetid[0m,[1;31mcap_kill[0m,[1;31mcap_setgid[0m,[1;31mcap_setuid[0m,[1;31mcap_setpcap[0m,cap_linux_immutable,[1;31mcap_net_bind_service[0m,cap_net_broadcast,[1;31mcap_net_admin[0m,[1;31mcap_net_raw[0m,cap_ipc_lock,cap_ipc_owner,[1;31mcap_sys_module[0m,[1;31mcap_sys_rawio[0m,cap_sys_chroot,[1;31mcap_sys_ptrace[0m,cap_sys_pacct,[1;31mcap_sys_admin[0m,cap_sys_boot,cap_sys_nice,cap_sys_resource,cap_sys_time,cap_sys_tty_config,cap_mknod,cap_lease,cap_audit_write,cap_audit_control,[1;31mcap_setfcap[0m,cap_mac_override,cap_mac_admin,cap_syslog,cap_wake_alarm,cap_block_suspend,cap_audit_read,38,39,40
  CapAmb: WARNING: libcap needs an update (cap=40 should have a name).
0x0000000000000000=

PID 18 (cpuhp/0) user=root
  CapInh: WARNING: libcap needs an update (cap=40 should have a name).
0x0000000000000000=
  CapPrm: WARNING: libcap needs an update (cap=40 should have a name).
0x000001ffffffffff=[1;31mcap_chown[0m,[1;31mcap_dac_override[0m,[1;31mcap_dac_read_search[0m,[1;31mcap_fowner[0m,[1;31mcap_fsetid[0m,[1;31mcap_kill[0m,[1;31mcap_setgid[0m,[1;31mcap_setuid[0m,[1;31mcap_setpcap[0m,cap_linux_immutable,[1;31mcap_net_bind_service[0m,cap_net_broadcast,[1;31mcap_net_admin[0m,[1;31mcap_net_raw[0m,cap_ipc_lock,cap_ipc_owner,[1;31mcap_sys_module[0m,[1;31mcap_sys_rawio[0m,cap_sys_chroot,[1;31mcap_sys_ptrace[0m,cap_sys_pacct,[1;31mcap_sys_admin[0m,cap_sys_boot,cap_sys_nice,cap_sys_resource,cap_sys_time,cap_sys_tty_config,cap_mknod,cap_lease,cap_audit_write,cap_audit_control,[1;31mcap_setfcap[0m,cap_mac_override,cap_mac_admin,cap_syslog,cap_wake_alarm,cap_block_suspend,cap_audit_read,38,39,40
  CapEff: WARNING: libcap needs an update (cap=40 should have a name).
0x000001ffffffffff=[1;31;103mcap_chown[0m,[1;31;103mcap_dac_override[0m,[1;31;103mcap_dac_read_search[0m,[1;31;103mcap_fowner[0m,[1;31;103mcap_fsetid[0m,[1;31;103mcap_kill[0m,[1;31;103mcap_setgid[0m,[1;31;103mcap_setuid[0m,[1;31;103mcap_setpcap[0m,cap_linux_immutable,[1;31;103mcap_net_bind_service[0m,cap_net_broadcast,[1;31;103mcap_net_admin[0m,[1;31;103mcap_net_raw[0m,cap_ipc_lock,cap_ipc_owner,[1;31;103mcap_sys_module[0m,[1;31;103mcap_sys_rawio[0m,cap_sys_chroot,[1;31;103mcap_sys_ptrace[0m,cap_sys_pacct,[1;31;103mcap_sys_admin[0m,cap_sys_boot,cap_sys_nice,cap_sys_resource,cap_sys_time,cap_sys_tty_config,cap_mknod,cap_lease,cap_audit_write,cap_audit_control,[1;31;103mcap_setfcap[0m,cap_mac_override,cap_mac_admin,cap_syslog,cap_wake_alarm,cap_block_suspend,cap_audit_read,38,39,40
  CapBnd: WARNING: libcap needs an update (cap=40 should have a name).
0x000001ffffffffff=[1;31mcap_chown[0m,[1;31mcap_dac_override[0m,[1;31mcap_dac_read_search[0m,[1;31mcap_fowner[0m,[1;31mcap_fsetid[0m,[1;31mcap_kill[0m,[1;31mcap_setgid[0m,[1;31mcap_setuid[0m,[1;31mcap_setpcap[0m,cap_linux_immutable,[1;31mcap_net_bind_service[0m,cap_net_broadcast,[1;31mcap_net_admin[0m,[1;31mcap_net_raw[0m,cap_ipc_lock,cap_ipc_owner,[1;31mcap_sys_module[0m,[1;31mcap_sys_rawio[0m,cap_sys_chroot,[1;31mcap_sys_ptrace[0m,cap_sys_pacct,[1;31mcap_sys_admin[0m,cap_sys_boot,cap_sys_nice,cap_sys_resource,cap_sys_time,cap_sys_tty_config,cap_mknod,cap_lease,cap_audit_write,cap_audit_control,[1;31mcap_setfcap[0m,cap_mac_override,cap_mac_admin,cap_syslog,cap_wake_alarm,cap_block_suspend,cap_audit_read,38,39,40
  CapAmb: WARNING: libcap needs an update (cap=40 should have a name).
0x0000000000000000=

PID 19 (cpuhp/1) user=root
  CapInh: WARNING: libcap needs an update (cap=40 should have a name).
0x0000000000000000=
  CapPrm: WARNING: libcap needs an update (cap=40 should have a name).
0x000001ffffffffff=[1;31mcap_chown[0m,[1;31mcap_dac_override[0m,[1;31mcap_dac_read_search[0m,[1;31mcap_fowner[0m,[1;31mcap_fsetid[0m,[1;31mcap_kill[0m,[1;31mcap_setgid[0m,[1;31mcap_setuid[0m,[1;31mcap_setpcap[0m,cap_linux_immutable,[1;31mcap_net_bind_service[0m,cap_net_broadcast,[1;31mcap_net_admin[0m,[1;31mcap_net_raw[0m,cap_ipc_lock,cap_ipc_owner,[1;31mcap_sys_module[0m,[1;31mcap_sys_rawio[0m,cap_sys_chroot,[1;31mcap_sys_ptrace[0m,cap_sys_pacct,[1;31mcap_sys_admin[0m,cap_sys_boot,cap_sys_nice,cap_sys_resource,cap_sys_time,cap_sys_tty_config,cap_mknod,cap_lease,cap_audit_write,cap_audit_control,[1;31mcap_setfcap[0m,cap_mac_override,cap_mac_admin,cap_syslog,cap_wake_alarm,cap_block_suspend,cap_audit_read,38,39,40
  CapEff: WARNING: libcap needs an update (cap=40 should have a name).
0x000001ffffffffff=[1;31;103mcap_chown[0m,[1;31;103mcap_dac_override[0m,[1;31;103mcap_dac_read_search[0m,[1;31;103mcap_fowner[0m,[1;31;103mcap_fsetid[0m,[1;31;103mcap_kill[0m,[1;31;103mcap_setgid[0m,[1;31;103mcap_setuid[0m,[1;31;103mcap_setpcap[0m,cap_linux_immutable,[1;31;103mcap_net_bind_service[0m,cap_net_broadcast,[1;31;103mcap_net_admin[0m,[1;31;103mcap_net_raw[0m,cap_ipc_lock,cap_ipc_owner,[1;31;103mcap_sys_module[0m,[1;31;103mcap_sys_rawio[0m,cap_sys_chroot,[1;31;103mcap_sys_ptrace[0m,cap_sys_pacct,[1;31;103mcap_sys_admin[0m,cap_sys_boot,cap_sys_nice,cap_sys_resource,cap_sys_time,cap_sys_tty_config,cap_mknod,cap_lease,cap_audit_write,cap_audit_control,[1;31;103mcap_setfcap[0m,cap_mac_override,cap_mac_admin,cap_syslog,cap_wake_alarm,cap_block_suspend,cap_audit_read,38,39,40
  CapBnd: WARNING: libcap needs an update (cap=40 should have a name).
0x000001ffffffffff=[1;31mcap_chown[0m,[1;31mcap_dac_override[0m,[1;31mcap_dac_read_search[0m,[1;31mcap_fowner[0m,[1;31mcap_fsetid[0m,[1;31mcap_kill[0m,[1;31mcap_setgid[0m,[1;31mcap_setuid[0m,[1;31mcap_setpcap[0m,cap_linux_immutable,[1;31mcap_net_bind_service[0m,cap_net_broadcast,[1;31mcap_net_admin[0m,[1;31mcap_net_raw[0m,cap_ipc_lock,cap_ipc_owner,[1;31mcap_sys_module[0m,[1;31mcap_sys_rawio[0m,cap_sys_chroot,[1;31mcap_sys_ptrace[0m,cap_sys_pacct,[1;31mcap_sys_admin[0m,cap_sys_boot,cap_sys_nice,cap_sys_resource,cap_sys_time,cap_sys_tty_config,cap_mknod,cap_lease,cap_audit_write,cap_audit_control,[1;31mcap_setfcap[0m,cap_mac_override,cap_mac_admin,cap_syslog,cap_wake_alarm,cap_block_suspend,cap_audit_read,38,39,40
  CapAmb: WARNING: libcap needs an update (cap=40 should have a name).
0x0000000000000000=

PID 20 (idle_inject/1) user=root
  CapInh: WARNING: libcap needs an update (cap=40 should have a name).
0x0000000000000000=
  CapPrm: WARNING: libcap needs an update (cap=40 should have a name).
0x000001ffffffffff=[1;31mcap_chown[0m,[1;31mcap_dac_override[0m,[1;31mcap_dac_read_search[0m,[1;31mcap_fowner[0m,[1;31mcap_fsetid[0m,[1;31mcap_kill[0m,[1;31mcap_setgid[0m,[1;31mcap_setuid[0m,[1;31mcap_setpcap[0m,cap_linux_immutable,[1;31mcap_net_bind_service[0m,cap_net_broadcast,[1;31mcap_net_admin[0m,[1;31mcap_net_raw[0m,cap_ipc_lock,cap_ipc_owner,[1;31mcap_sys_module[0m,[1;31mcap_sys_rawio[0m,cap_sys_chroot,[1;31mcap_sys_ptrace[0m,cap_sys_pacct,[1;31mcap_sys_admin[0m,cap_sys_boot,cap_sys_nice,cap_sys_resource,cap_sys_time,cap_sys_tty_config,cap_mknod,cap_lease,cap_audit_write,cap_audit_control,[1;31mcap_setfcap[0m,cap_mac_override,cap_mac_admin,cap_syslog,cap_wake_alarm,cap_block_suspend,cap_audit_read,38,39,40
  CapEff: WARNING: libcap needs an update (cap=40 should have a name).
0x000001ffffffffff=[1;31;103mcap_chown[0m,[1;31;103mcap_dac_override[0m,[1;31;103mcap_dac_read_search[0m,[1;31;103mcap_fowner[0m,[1;31;103mcap_fsetid[0m,[1;31;103mcap_kill[0m,[1;31;103mcap_setgid[0m,[1;31;103mcap_setuid[0m,[1;31;103mcap_setpcap[0m,cap_linux_immutable,[1;31;103mcap_net_bind_service[0m,cap_net_broadcast,[1;31;103mcap_net_admin[0m,[1;31;103mcap_net_raw[0m,cap_ipc_lock,cap_ipc_owner,[1;31;103mcap_sys_module[0m,[1;31;103mcap_sys_rawio[0m,cap_sys_chroot,[1;31;103mcap_sys_ptrace[0m,cap_sys_pacct,[1;31;103mcap_sys_admin[0m,cap_sys_boot,cap_sys_nice,cap_sys_resource,cap_sys_time,cap_sys_tty_config,cap_mknod,cap_lease,cap_audit_write,cap_audit_control,[1;31;103mcap_setfcap[0m,cap_mac_override,cap_mac_admin,cap_syslog,cap_wake_alarm,cap_block_suspend,cap_audit_read,38,39,40
  CapBnd: WARNING: libcap needs an update (cap=40 should have a name).
0x000001ffffffffff=[1;31mcap_chown[0m,[1;31mcap_dac_override[0m,[1;31mcap_dac_read_search[0m,[1;31mcap_fowner[0m,[1;31mcap_fsetid[0m,[1;31mcap_kill[0m,[1;31mcap_setgid[0m,[1;31mcap_setuid[0m,[1;31mcap_setpcap[0m,cap_linux_immutable,[1;31mcap_net_bind_service[0m,cap_net_broadcast,[1;31mcap_net_admin[0m,[1;31mcap_net_raw[0m,cap_ipc_lock,cap_ipc_owner,[1;31mcap_sys_module[0m,[1;31mcap_sys_rawio[0m,cap_sys_chroot,[1;31mcap_sys_ptrace[0m,cap_sys_pacct,[1;31mcap_sys_admin[0m,cap_sys_boot,cap_sys_nice,cap_sys_resource,cap_sys_time,cap_sys_tty_config,cap_mknod,cap_lease,cap_audit_write,cap_audit_control,[1;31mcap_setfcap[0m,cap_mac_override,cap_mac_admin,cap_syslog,cap_wake_alarm,cap_block_suspend,cap_audit_read,38,39,40
  CapAmb: WARNING: libcap needs an update (cap=40 should have a name).
0x0000000000000000=

PID 21 (migration/1) user=root
  CapInh: WARNING: libcap needs an update (cap=40 should have a name).
0x0000000000000000=
  CapPrm: WARNING: libcap needs an update (cap=40 should have a name).
0x000001ffffffffff=[1;31mcap_chown[0m,[1;31mcap_dac_override[0m,[1;31mcap_dac_read_search[0m,[1;31mcap_fowner[0m,[1;31mcap_fsetid[0m,[1;31mcap_kill[0m,[1;31mcap_setgid[0m,[1;31mcap_setuid[0m,[1;31mcap_setpcap[0m,cap_linux_immutable,[1;31mcap_net_bind_service[0m,cap_net_broadcast,[1;31mcap_net_admin[0m,[1;31mcap_net_raw[0m,cap_ipc_lock,cap_ipc_owner,[1;31mcap_sys_module[0m,[1;31mcap_sys_rawio[0m,cap_sys_chroot,[1;31mcap_sys_ptrace[0m,cap_sys_pacct,[1;31mcap_sys_admin[0m,cap_sys_boot,cap_sys_nice,cap_sys_resource,cap_sys_time,cap_sys_tty_config,cap_mknod,cap_lease,cap_audit_write,cap_audit_control,[1;31mcap_setfcap[0m,cap_mac_override,cap_mac_admin,cap_syslog,cap_wake_alarm,cap_block_suspend,cap_audit_read,38,39,40
  CapEff: WARNING: libcap needs an update (cap=40 should have a name).
0x000001ffffffffff=[1;31;103mcap_chown[0m,[1;31;103mcap_dac_override[0m,[1;31;103mcap_dac_read_search[0m,[1;31;103mcap_fowner[0m,[1;31;103mcap_fsetid[0m,[1;31;103mcap_kill[0m,[1;31;103mcap_setgid[0m,[1;31;103mcap_setuid[0m,[1;31;103mcap_setpcap[0m,cap_linux_immutable,[1;31;103mcap_net_bind_service[0m,cap_net_broadcast,[1;31;103mcap_net_admin[0m,[1;31;103mcap_net_raw[0m,cap_ipc_lock,cap_ipc_owner,[1;31;103mcap_sys_module[0m,[1;31;103mcap_sys_rawio[0m,cap_sys_chroot,[1;31;103mcap_sys_ptrace[0m,cap_sys_pacct,[1;31;103mcap_sys_admin[0m,cap_sys_boot,cap_sys_nice,cap_sys_resource,cap_sys_time,cap_sys_tty_config,cap_mknod,cap_lease,cap_audit_write,cap_audit_control,[1;31;103mcap_setfcap[0m,cap_mac_override,cap_mac_admin,cap_syslog,cap_wake_alarm,cap_block_suspend,cap_audit_read,38,39,40
  CapBnd: WARNING: libcap needs an update (cap=40 should have a name).
0x000001ffffffffff=[1;31mcap_chown[0m,[1;31mcap_dac_override[0m,[1;31mcap_dac_read_search[0m,[1;31mcap_fowner[0m,[1;31mcap_fsetid[0m,[1;31mcap_kill[0m,[1;31mcap_setgid[0m,[1;31mcap_setuid[0m,[1;31mcap_setpcap[0m,cap_linux_immutable,[1;31mcap_net_bind_service[0m,cap_net_broadcast,[1;31mcap_net_admin[0m,[1;31mcap_net_raw[0m,cap_ipc_lock,cap_ipc_owner,[1;31mcap_sys_module[0m,[1;31mcap_sys_rawio[0m,cap_sys_chroot,[1;31mcap_sys_ptrace[0m,cap_sys_pacct,[1;31mcap_sys_admin[0m,cap_sys_boot,cap_sys_nice,cap_sys_resource,cap_sys_time,cap_sys_tty_config,cap_mknod,cap_lease,cap_audit_write,cap_audit_control,[1;31mcap_setfcap[0m,cap_mac_override,cap_mac_admin,cap_syslog,cap_wake_alarm,cap_block_suspend,cap_audit_read,38,39,40
  CapAmb: WARNING: libcap needs an update (cap=40 should have a name).
0x0000000000000000=

PID 22 (ksoftirqd/1) user=root
  CapInh: WARNING: libcap needs an update (cap=40 should have a name).
0x0000000000000000=
  CapPrm: WARNING: libcap needs an update (cap=40 should have a name).
0x000001ffffffffff=[1;31mcap_chown[0m,[1;31mcap_dac_override[0m,[1;31mcap_dac_read_search[0m,[1;31mcap_fowner[0m,[1;31mcap_fsetid[0m,[1;31mcap_kill[0m,[1;31mcap_setgid[0m,[1;31mcap_setuid[0m,[1;31mcap_setpcap[0m,cap_linux_immutable,[1;31mcap_net_bind_service[0m,cap_net_broadcast,[1;31mcap_net_admin[0m,[1;31mcap_net_raw[0m,cap_ipc_lock,cap_ipc_owner,[1;31mcap_sys_module[0m,[1;31mcap_sys_rawio[0m,cap_sys_chroot,[1;31mcap_sys_ptrace[0m,cap_sys_pacct,[1;31mcap_sys_admin[0m,cap_sys_boot,cap_sys_nice,cap_sys_resource,cap_sys_time,cap_sys_tty_config,cap_mknod,cap_lease,cap_audit_write,cap_audit_control,[1;31mcap_setfcap[0m,cap_mac_override,cap_mac_admin,cap_syslog,cap_wake_alarm,cap_block_suspend,cap_audit_read,38,39,40
  CapEff: WARNING: libcap needs an update (cap=40 should have a name).
0x000001ffffffffff=[1;31;103mcap_chown[0m,[1;31;103mcap_dac_override[0m,[1;31;103mcap_dac_read_search[0m,[1;31;103mcap_fowner[0m,[1;31;103mcap_fsetid[0m,[1;31;103mcap_kill[0m,[1;31;103mcap_setgid[0m,[1;31;103mcap_setuid[0m,[1;31;103mcap_setpcap[0m,cap_linux_immutable,[1;31;103mcap_net_bind_service[0m,cap_net_broadcast,[1;31;103mcap_net_admin[0m,[1;31;103mcap_net_raw[0m,cap_ipc_lock,cap_ipc_owner,[1;31;103mcap_sys_module[0m,[1;31;103mcap_sys_rawio[0m,cap_sys_chroot,[1;31;103mcap_sys_ptrace[0m,cap_sys_pacct,[1;31;103mcap_sys_admin[0m,cap_sys_boot,cap_sys_nice,cap_sys_resource,cap_sys_time,cap_sys_tty_config,cap_mknod,cap_lease,cap_audit_write,cap_audit_control,[1;31;103mcap_setfcap[0m,cap_mac_override,cap_mac_admin,cap_syslog,cap_wake_alarm,cap_block_suspend,cap_audit_read,38,39,40
  CapBnd: WARNING: libcap needs an update (cap=40 should have a name).
0x000001ffffffffff=[1;31mcap_chown[0m,[1;31mcap_dac_override[0m,[1;31mcap_dac_read_search[0m,[1;31mcap_fowner[0m,[1;31mcap_fsetid[0m,[1;31mcap_kill[0m,[1;31mcap_setgid[0m,[1;31mcap_setuid[0m,[1;31mcap_setpcap[0m,cap_linux_immutable,[1;31mcap_net_bind_service[0m,cap_net_broadcast,[1;31mcap_net_admin[0m,[1;31mcap_net_raw[0m,cap_ipc_lock,cap_ipc_owner,[1;31mcap_sys_module[0m,[1;31mcap_sys_rawio[0m,cap_sys_chroot,[1;31mcap_sys_ptrace[0m,cap_sys_pacct,[1;31mcap_sys_admin[0m,cap_sys_boot,cap_sys_nice,cap_sys_resource,cap_sys_time,cap_sys_tty_config,cap_mknod,cap_lease,cap_audit_write,cap_audit_control,[1;31mcap_setfcap[0m,cap_mac_override,cap_mac_admin,cap_syslog,cap_wake_alarm,cap_block_suspend,cap_audit_read,38,39,40
  CapAmb: WARNING: libcap needs an update (cap=40 should have a name).
0x0000000000000000=

PID 24 (kworker/1:0H-events_highpri) user=root
  CapInh: WARNING: libcap needs an update (cap=40 should have a name).
0x0000000000000000=
  CapPrm: WARNING: libcap needs an update (cap=40 should have a name).
0x000001ffffffffff=[1;31mcap_chown[0m,[1;31mcap_dac_override[0m,[1;31mcap_dac_read_search[0m,[1;31mcap_fowner[0m,[1;31mcap_fsetid[0m,[1;31mcap_kill[0m,[1;31mcap_setgid[0m,[1;31mcap_setuid[0m,[1;31mcap_setpcap[0m,cap_linux_immutable,[1;31mcap_net_bind_service[0m,cap_net_broadcast,[1;31mcap_net_admin[0m,[1;31mcap_net_raw[0m,cap_ipc_lock,cap_ipc_owner,[1;31mcap_sys_module[0m,[1;31mcap_sys_rawio[0m,cap_sys_chroot,[1;31mcap_sys_ptrace[0m,cap_sys_pacct,[1;31mcap_sys_admin[0m,cap_sys_boot,cap_sys_nice,cap_sys_resource,cap_sys_time,cap_sys_tty_config,cap_mknod,cap_lease,cap_audit_write,cap_audit_control,[1;31mcap_setfcap[0m,cap_mac_override,cap_mac_admin,cap_syslog,cap_wake_alarm,cap_block_suspend,cap_audit_read,38,39,40
  CapEff: WARNING: libcap needs an update (cap=40 should have a name).
0x000001ffffffffff=[1;31;103mcap_chown[0m,[1;31;103mcap_dac_override[0m,[1;31;103mcap_dac_read_search[0m,[1;31;103mcap_fowner[0m,[1;31;103mcap_fsetid[0m,[1;31;103mcap_kill[0m,[1;31;103mcap_setgid[0m,[1;31;103mcap_setuid[0m,[1;31;103mcap_setpcap[0m,cap_linux_immutable,[1;31;103mcap_net_bind_service[0m,cap_net_broadcast,[1;31;103mcap_net_admin[0m,[1;31;103mcap_net_raw[0m,cap_ipc_lock,cap_ipc_owner,[1;31;103mcap_sys_module[0m,[1;31;103mcap_sys_rawio[0m,cap_sys_chroot,[1;31;103mcap_sys_ptrace[0m,cap_sys_pacct,[1;31;103mcap_sys_admin[0m,cap_sys_boot,cap_sys_nice,cap_sys_resource,cap_sys_time,cap_sys_tty_config,cap_mknod,cap_lease,cap_audit_write,cap_audit_control,[1;31;103mcap_setfcap[0m,cap_mac_override,cap_mac_admin,cap_syslog,cap_wake_alarm,cap_block_suspend,cap_audit_read,38,39,40
  CapBnd: WARNING: libcap needs an update (cap=40 should have a name).
0x000001ffffffffff=[1;31mcap_chown[0m,[1;31mcap_dac_override[0m,[1;31mcap_dac_read_search[0m,[1;31mcap_fowner[0m,[1;31mcap_fsetid[0m,[1;31mcap_kill[0m,[1;31mcap_setgid[0m,[1;31mcap_setuid[0m,[1;31mcap_setpcap[0m,cap_linux_immutable,[1;31mcap_net_bind_service[0m,cap_net_broadcast,[1;31mcap_net_admin[0m,[1;31mcap_net_raw[0m,cap_ipc_lock,cap_ipc_owner,[1;31mcap_sys_module[0m,[1;31mcap_sys_rawio[0m,cap_sys_chroot,[1;31mcap_sys_ptrace[0m,cap_sys_pacct,[1;31mcap_sys_admin[0m,cap_sys_boot,cap_sys_nice,cap_sys_resource,cap_sys_time,cap_sys_tty_config,cap_mknod,cap_lease,cap_audit_write,cap_audit_control,[1;31mcap_setfcap[0m,cap_mac_override,cap_mac_admin,cap_syslog,cap_wake_alarm,cap_block_suspend,cap_audit_read,38,39,40
  CapAmb: WARNING: libcap needs an update (cap=40 should have a name).
0x0000000000000000=



Files with capabilities (limited to 50):
/snap/core20/2599/usr/bin/ping = [1;31mcap_net_raw[0m+ep
/usr/lib/x86_64-linux-gnu/gstreamer1.0/gstreamer-1.0/gst-ptp-helper = [1;31mcap_net_bind_service[0m,cap_net_admin+ep
/usr/bin/mtr-packet = [1;31mcap_net_raw[0m+ep
/usr/bin/traceroute6.iputils = [1;31mcap_net_raw[0m+ep
/bin/ping = [1;31mcap_net_raw[0m+ep

[1;34m‘Úˆ‘Ú…‘Ú…‘Ú…‘Ú…‘Ú…‘Ú…‘Ú…‘Ú…‘Ú…‘Ú…‘Ú˙ [1;32mChecking misconfigurations of ld.so [1;90m(T1574.006)
[0m[1;34m‘Ú‹ [1;34m[3mhttps://book.hacktricks.wiki/en/linux-hardening/interesting-files-permissions/ld.so.conf-example.html
[0m[1;32m[3m/etc/ld.so.conf
[0mContent of /etc/ld.so.conf:
include /etc/ld.so.conf.d/*.conf

[1;32m[3m/etc/ld.so.conf.d
[0m[1;32m[3m  /etc/ld.so.conf.d/libc.conf
[0m[3m  - [1;32m/usr/local/lib[0m[0m
[1;32m[3m  /etc/ld.so.conf.d/x86_64-linux-gnu.conf
[0m[3m  - [1;32m/lib/x86_64-linux-gnu[0m[0m
[3m  - [1;32m/usr/lib/x86_64-linux-gnu[0m[0m

[3m[1;32m/etc/ld.so.preload
[0m[1;34m‘Úˆ‘Ú…‘Ú…‘Ú…‘Ú…‘Ú…‘Ú…‘Ú…‘Ú…‘Ú…‘Ú…‘Ú˙ [1;32mFiles (scripts) in /etc/profile.d/ [1;90m(T1546.004)
[0m[1;34m‘Ú‹ [1;34m[3mhttps://book.hacktricks.wiki/en/linux-hardening/linux-basics/shell-startup-aliases-and-history.html#review-startup-and-history-files
[0mtotal 52
drwxr-xr-x   2 root root  4096 Jun 22  2025 .
drwxr-xr-x 125 root root 12288 Oct  6 15:09 ..
-rw-r--r--   1 root root    96 Jan  2  2024 [1;32m01-locale-fix.sh[0m
-rw-r--r--   1 root root   835 May 29  2023 [1;32mapps-bin-path.sh[0m
-rw-r--r--   1 root root   729 Feb  2  2020 [1;32mbash_completion.sh[0m
-rw-r--r--   1 root root  1003 Dec 29  2015 [1;32mcedilla-portuguese.sh[0m
-rw-r--r--   1 root root  1107 Aug 17  2023 [1;32mgawk.csh[0m
-rw-r--r--   1 root root   757 Aug 17  2023 [1;32mgawk.sh[0m
-rw-r--r--   1 root root  1557 Apr 14  2016 [1;32mZ97-byobu.sh[0m
-rwxr-xr-x   1 root root   841 Mar 13  2025 [1;32mZ99-cloudinit-warnings.sh[0m
-rwxr-xr-x   1 root root  3396 Mar 13  2025 [1;32mZ99-cloud-locale-test.sh[0m

[1;34m‘Úˆ‘Ú…‘Ú…‘Ú…‘Ú…‘Ú…‘Ú…‘Ú…‘Ú…‘Ú…‘Ú…‘Ú˙ [1;32mPermissions in init, init.d, systemd, and rc.d [1;90m(T1543.002)
[0m[1;34m‘Ú‹ [1;34m[3mhttps://book.hacktricks.wiki/en/linux-hardening/processes-crontab-systemd-dbus/process-enumeration-and-service-paths.html#follow-the-service-execution-chain
[0m
[1;34m‘Úˆ‘Ú…‘Ú…‘Ú…‘Ú…‘Ú…‘Ú…‘Ú…‘Ú…‘Ú…‘Ú…‘Ú˙ [1;32mAppArmor binary profiles [1;90m(T1518.001)
[0m-rw-r--r-- 1 root root  3500 Jan 31  2023 sbin.dhclient
-rw-r--r-- 1 root root   125 Jun 14  2017 usr.bin.lxc-start
-rw-r--r-- 1 root root  3202 Feb 25  2020 usr.bin.man
-rw-r--r-- 1 root root 31789 Jan 15  2025 usr.lib.snapd.snap-confine.real
-rw-r--r-- 1 root root  1575 Feb 11  2020 usr.sbin.rsyslogd
-rw-r--r-- 1 root root  1674 Feb  8  2024 usr.sbin.tcpdump

[1;34m‘Ú…‘Ú˙ [1;32mHashes inside passwd file? ........... [0m[1;90mNo
[0m[1;34m‘Ú…‘Ú˙ [1;32mWritable passwd file? ................ [0m[1;90mNo
[0m[1;34m‘Ú…‘Ú˙ [1;32mCredentials in fstab/mtab? ........... [0m[1;90mNo
[0m[1;34m‘Ú…‘Ú˙ [1;32mCan I read shadow files? ............. [0m[1;90mNo
[0m[1;34m‘Ú…‘Ú˙ [1;32mCan I read shadow plists? ............ [0m[1;90mNo
[0m[1;34m‘Ú…‘Ú˙ [1;32mCan I write shadow plists? ........... [0m[1;90mNo
[0m[1;34m‘Ú…‘Ú˙ [1;32mCan I read opasswd file? ............. [0m[1;90mNo
[0m[1;34m‘Ú…‘Ú˙ [1;32mCan I write in network-scripts? ...... [0m[1;90mNo
[0m[1;34m‘Ú…‘Ú˙ [1;32mCan I read root folder? .............. [0m[1;90mNo
[0m
[1;34m‘Úˆ‘Ú…‘Ú…‘Ú…‘Ú…‘Ú…‘Ú…‘Ú…‘Ú…‘Ú…‘Ú…‘Ú˙ [1;32mSearching root files in home dirs (limit 30) [1;90m(T1083)
[0m/home/
/home/[1;96m[1;31mjan[0m[0m
/home/[1;96m[1;31mjan[0m[0m/.lesshst
/home/[1;96mkay[0m/.viminfo
/home/[1;96mkay[0m/.lesshst
/root/
/var/www
/var/www/html
/var/www/html/development/dev.txt
/var/www/html/development/j.txt

[1;34m‘Úˆ‘Ú…‘Ú…‘Ú…‘Ú…‘Ú…‘Ú…‘Ú…‘Ú…‘Ú…‘Ú…‘Ú˙ [1;32mSearching folders owned by me containing others files on it (limit 100) [1;90m(T1083)
[0m
[1;34m‘Úˆ‘Ú…‘Ú…‘Ú…‘Ú…‘Ú…‘Ú…‘Ú…‘Ú…‘Ú…‘Ú…‘Ú˙ [1;32mReadable files belonging to root and readable by me but not world readable [1;90m(T1083)
[0m
[1;34m‘Úˆ‘Ú…‘Ú…‘Ú…‘Ú…‘Ú…‘Ú…‘Ú…‘Ú…‘Ú…‘Ú…‘Ú˙ [1;32mInteresting writable files owned by me or writable by everyone (not in Home) (max 200) [1;90m(T1574.009,T1574.010)
[0m[1;34m‘Ú‹ [1;34m[3mhttps://book.hacktricks.wiki/en/linux-hardening/linux-basics/linux-privilege-escalation/index.html#writable-files
[0m/run/cloud-init/tmp
/run/lock
/run/screen
/run/screen/S-jan
/run/user/1001
/run/user/1001/dbus-1
/run/user/1001/dbus-1/services
/run/user/1001/gnupg
/run/user/1001/inaccessible
/run/user/1001/systemd
/run/user/1001/systemd/transient
/run/user/1001/systemd/units
/tmp
/tmp/.font-unix
/tmp/.ICE-unix
/tmp/linpeas_host_checker_1807.err
/tmp/linpeas_host_checker_1807.json
/tmp/linpeas_output.txt
[3m#)You_can_write_even_more_files_inside_last_directory
[0m
/var/crash
/var[1;31m/lib/[0mlxcfs/cgroup/memory/user.slice/user-1001.slice/session-3.scope/cgroup.event_control
/var/spool/samba
/var/tmp
/var/tmp/cloud-init

[1;34m‘Úˆ‘Ú…‘Ú…‘Ú…‘Ú…‘Ú…‘Ú…‘Ú…‘Ú…‘Ú…‘Ú…‘Ú˙ [1;32mInteresting GROUP writable files (not in Home) (max 200) [1;90m(T1574.009,T1574.010)
[0m[1;34m‘Ú‹ [1;34m[3mhttps://book.hacktricks.wiki/en/linux-hardening/linux-basics/linux-privilege-escalation/index.html#writable-files
[0m  Group [1;32mjan:
[0m/tmp/linpeas_host_checker_1807.err
/tmp/linpeas[1;31m.sh[0m
/tmp/linpeas_output.txt
/tmp/linpeas_host_checker_1807.json


[1;34m‘Úˆ‘Ú…‘Ú…‘Ú…‘Ú…‘Ú…‘Ú…‘Ú…‘Ú…‘Ú…‘Ú…‘Ú˙ [1;32mWritable root-owned executables I can modify (max 200) [1;90m(T1574.009,T1574.010)
[0m[1;34m‘Ú‹ [1;34m[3mhttps://book.hacktricks.wiki/en/linux-hardening/linux-basics/linux-privilege-escalation/index.html#writable-files
[0m[1;90mWritable root-owned executables Not Found
[0m


[1;34m                            ‘Úˆ‘Ú…‘Ú…‘Ú…‘Ú…‘Ú…‘Ú…‘Ú…‘Ú…‘Ú…‘Ú…‘Ú…‘Ú…‘Ú…‘Ú…‘Ú…‘Ú…‘Ú…‘Ú…‘Ú…‘Ú…‘Ú…‘Ú…‘Ú…‘Ú…‘Ú…‘Ú˘
‘Ú…‘Ú…‘Ú…‘Ú…‘Ú…‘Ú…‘Ú…‘Ú…‘Ú…‘Ú…‘Ú…‘Ú…‘Ú…‘Ú…‘Ú…‘Ú…‘Ú…‘Ú…‘Ú…‘Ú…‘Ú…‘Ú…‘Ú…‘Ú…‘Ú…‘Ú…‘Ú…‘Ú…‘Ú˙ [1;32mOther Interesting Files[1;34m ‘Ú·‘Ú…‘Ú…‘Ú…‘Ú…‘Ú…‘Ú…‘Ú…‘Ú…‘Ú…‘Ú…‘Ú…‘Ú…‘Ú…‘Ú…‘Ú…‘Ú…‘Ú…‘Ú…‘Ú…‘Ú…‘Ú…‘Ú…‘Ú…‘Ú…‘Ú…‘Ú…‘Ú…‘Ú…
[1;34m                            ‘Ú‹‘Ú…‘Ú…‘Ú…‘Ú…‘Ú…‘Ú…‘Ú…‘Ú…‘Ú…‘Ú…‘Ú…‘Ú…‘Ú…‘Ú…‘Ú…‘Ú…‘Ú…‘Ú…‘Ú…‘Ú…‘Ú…‘Ú…‘Ú…‘Ú…‘Ú…‘Úÿ[0m
[1;34m‘Úˆ‘Ú…‘Ú…‘Ú…‘Ú…‘Ú…‘Ú…‘Ú…‘Ú…‘Ú…‘Ú…‘Ú˙ [1;32m.sh files in path [1;90m(T1574.007)
[0m[1;34m‘Ú‹ [1;34m[3mhttps://book.hacktricks.wiki/en/linux-hardening/processes-crontab-systemd-dbus/process-enumeration-and-service-paths.html#follow-the-service-execution-chain
[0m/usr/bin[1;32m/rescan-scsi-bus.sh[0m
/usr/bin[1;32m/gettext.sh[0m

[1;34m‘Úˆ‘Ú…‘Ú…‘Ú…‘Ú…‘Ú…‘Ú…‘Ú…‘Ú…‘Ú…‘Ú…‘Ú˙ [1;32mExecutable files potentially added by user (limit 70) [1;90m(T1083)
[0m2025-06-22+14:30:57.9836590300 /etc/console-setup/cached_setup_terminal.sh
2025-06-22+14:30:57.9836590300 /etc/console-setup/cached_setup_keyboard.sh
2025-06-22+14:30:57.9836590300 /etc/console-setup/cached_setup_font.sh

[1;34m‘Úˆ‘Ú…‘Ú…‘Ú…‘Ú…‘Ú…‘Ú…‘Ú…‘Ú…‘Ú…‘Ú…‘Ú˙ [1;32mUnexpected in /opt (usually empty) [1;90m(T1083)
[0mtotal 18416
drwxr-xr-x  3 root    root       4096 Apr 23  2018 .
drwxr-xr-x 24 root    root       4096 Oct  6 15:09 ..
drwxr-xr-x  9 tomcat9 tomcat9    4096 Oct  6 15:09 apache-tomcat-9.0.7
-rw-r--r--  1 root    root    9517889 Apr  3  2018 apache-tomcat-9.0.7.tar.gz
-rw-r--r--  1 root    root    9323198 Jul  6  2017 struts2-rest-showcase-2.5.12.war
lrwxrwxrwx  1 tomcat9 tomcat9      19 Apr 18  2018 tomcat-latest -> apache-tomcat-9.0.7

[1;34m‘Úˆ‘Ú…‘Ú…‘Ú…‘Ú…‘Ú…‘Ú…‘Ú…‘Ú…‘Ú…‘Ú…‘Ú˙ [1;32mUnexpected in root [1;90m(T1083)
[0m[1;31m/.bash_history[0m
[1;31m/initrd.img.old[0m
[1;31m/vmlinuz.old[0m
[1;31m/vmlinuz[0m
[1;31m/samba[0m
[1;31m/initrd.img[0m

[1;34m‘Úˆ‘Ú…‘Ú…‘Ú…‘Ú…‘Ú…‘Ú…‘Ú…‘Ú…‘Ú…‘Ú…‘Ú˙ [1;32mModified interesting files in the last 5mins (limit 100) [1;90m(T1083)
[0m/var/log/syslog
/var/log/journal/a59c744e2166cb4a90376b2f5ad6279f/user-1001.journal
/var/log/journal/a59c744e2166cb4a90376b2f5ad6279f/system.journal
/var/log/auth.log
/var/log/kern.log

[1;34m‘Úˆ‘Ú…‘Ú…‘Ú…‘Ú…‘Ú…‘Ú…‘Ú…‘Ú…‘Ú…‘Ú…‘Ú˙ [1;32mWritable log files (logrotten) (limit 50) [1;90m(T1070.002)
[0m[1;34m‘Ú‹ [1;34m[3mhttps://book.hacktricks.wiki/en/linux-hardening/linux-basics/linux-privilege-escalation/index.html#logrotate-exploitation
[0mlogrotate 3.14.0

    Default mail command:       /usr/bin/mail
    Default compress command:   /bin/gzip
    Default uncompress command: /bin/gunzip
    Default compress extension: .gz
    Default state file path:    /var/lib/logrotate/status
    ACL support:                yes
    SELinux support:            yes
[1;34m‘Úˆ‘Ú…‘Ú…‘Ú…‘Ú…‘Ú…‘Ú…‘Ú…‘Ú…‘Ú…‘Ú…‘Ú˙ [1;32mSyslog configuration (limit 50) [1;90m(T1070.002)
[0m[1;31m[0m
[1;31m[0m
[1;31m[0m
[1;31mmodule(load="imuxsock") # provides support for local system logging[0m
[1;31m[0m
[1;31m[0m
[1;31m[0m
[1;31mmodule(load="imklog" permitnonkernelfacility="on")[0m
[1;31m[0m
[1;31m[0m
[1;31m$ActionFileDefaultTemplate RSYSLOG_TraditionalFileFormat[0m
[1;31m[0m
[1;31m$RepeatedMsgReduction on[0m
[1;31m[0m
[1;31m$FileOwner syslog[0m
[1;31m$FileGroup adm[0m
[1;31m$FileCreateMode 0640[0m
[1;31m$DirCreateMode 0755[0m
[1;31m$Umask 0022[0m
[1;31m$PrivDropToUser syslog[0m
[1;31m$PrivDropToGroup syslog[0m
[1;31m[0m
[1;31m$WorkDirectory /var/spool/rsyslog[0m
[1;31m[0m
[1;31m$IncludeConfig /etc/rsyslog.d/*.conf[0m
[1;34m‘Úˆ‘Ú…‘Ú…‘Ú…‘Ú…‘Ú…‘Ú…‘Ú…‘Ú…‘Ú…‘Ú…‘Ú˙ [1;32mAuditd configuration (limit 50) [1;90m(T1070.002)
[0m[1;90mauditd configuration Not Found
[0m[1;34m‘Úˆ‘Ú…‘Ú…‘Ú…‘Ú…‘Ú…‘Ú…‘Ú…‘Ú…‘Ú…‘Ú…‘Ú˙ [1;32mLog files with potentially weak perms (limit 50) [1;90m(T1070.002)
[0m[1;31m      783    340 -rw-r-----   1 root     adm        342774 Jun 22  2025 /var/log/dist-upgrade/apt-term.log[0m
[1;31m    10415    288 -rw-r-----   1 root     adm        289524 Jun 22  2025 /var/log/dist-upgrade/20250622-1408/apt-term.log[0m
[1;31m      495     16 -rw-r-----   1 root     adm         15359 Jun 22  2025 /var/log/dmesg.2.gz[0m
[1;31m     9694     16 -rw-r-----   1 root     adm         14501 Jun 22  2025 /var/log/dmesg.1.gz[0m
[1;31m     9856   2592 -rw-r-----   1 syslog   adm       2648770 Oct  6 16:25 /var/log/syslog[0m
[1;31m      580    128 -rw-r-----   1 syslog   adm        128833 Oct  6 15:09 /var/log/cloud-init.log[0m
[1;31m      634     40 -rw-r-----   1 root     adm         37637 Oct  6 15:09 /var/log/cloud-init-output.log[0m
[1;31m      476      4 -rw-r-----   1 root     adm            59 Aug  1  2017 /var/log/dmesg.3.gz[0m
[1;31m    10296    628 -rw-r-----   1 syslog   adm               636109 Oct  6 16:23 /var/log/auth.log[0m
[1;31m      144    324 -rw-r-----   1 root     adm               324504 Jun 22  2025 /var/log/apt/term.log[0m
[1;31m    10054   1296 -rw-r-----   1 syslog   adm              1320140 Oct  6 16:22 /var/log/kern.log[0m
[1;31m     1132      4 -rw-r-----   1 root     adm                   31 Aug  1  2017 /var/log/fsck/checkfs[0m
[1;31m     1133      4 -rw-r-----   1 root     adm                   31 Aug  1  2017 /var/log/fsck/checkroot[0m
[1;31m      477     44 -rw-r-----   1 root     adm                43161 Oct  6 15:09 /var/log/dmesg[0m
[1;31m      678     44 -rw-r-----   1 root     adm                44538 Jun 22  2025 /var/log/dmesg.0[0m

[1;34m‘Úˆ‘Ú…‘Ú…‘Ú…‘Ú…‘Ú…‘Ú…‘Ú…‘Ú…‘Ú…‘Ú…‘Ú˙ [1;32mFiles inside /home/jan (limit 20) [1;90m(T1083)
[0mtotal 12
drwxr-xr-x 2 root root 4096 Apr 23  2018 .
drwxr-xr-x 5 root root 4096 Oct  6 15:09 ..
-rw------- 1 root jan    47 Apr 23  2018 .lesshst

[1;34m‘Úˆ‘Ú…‘Ú…‘Ú…‘Ú…‘Ú…‘Ú…‘Ú…‘Ú…‘Ú…‘Ú…‘Ú˙ [1;32mFiles inside others home (limit 20) [1;90m(T1552.001)
[0m/home/kay/.profile
/home/kay/.viminfo
/home/kay/.bashrc
/home/kay/.bash_history
/home/kay/.lesshst
/home/kay/.ssh/authorized_keys
/home/kay/.ssh/id_rsa
/home/kay/.ssh/id_rsa.pub
/home/kay/.bash_logout
/home/kay/.sudo_as_admin_successful
/home/kay/pass.bak
/home/ubuntu/.profile
/home/ubuntu/.bashrc
/home/ubuntu/.bash_logout
/var/www/html/index.html
/var/www/html/development/dev.txt
/var/www/html/development/j.txt

[1;34m‘Úˆ‘Ú…‘Ú…‘Ú…‘Ú…‘Ú…‘Ú…‘Ú…‘Ú…‘Ú…‘Ú…‘Ú˙ [1;32mSearching installed mail applications [1;90m(T1114.001)
[0m
[1;34m‘Úˆ‘Ú…‘Ú…‘Ú…‘Ú…‘Ú…‘Ú…‘Ú…‘Ú…‘Ú…‘Ú…‘Ú˙ [1;32mMails (limit 50) [1;90m(T1114.001)
[0m
[1;34m‘Úˆ‘Ú…‘Ú…‘Ú…‘Ú…‘Ú…‘Ú…‘Ú…‘Ú…‘Ú…‘Ú…‘Ú˙ [1;32mBackup folders [1;90m(T1552.001)
[0mdrwxr-xr-x 2 root root 3 Apr 15  2020 /snap/core20/2599/var/[1;31mbackups[0m
total 0

drwxr-xr-x 2 root root 4096 Oct  6 15:52 /var/[1;31mbackups[0m
total 52
-rw-r--r-- 1 root root 38309 Jun 22  2025 apt.extended_states.0
-rw-r--r-- 1 root root  1653 Apr 23  2018 apt.extended_states.1.gz
-rw-r--r-- 1 root root  1458 Apr 18  2018 apt.extended_states.2.gz
-rw-r--r-- 1 root root   764 Apr 17  2018 apt.extended_states.3.gz


[1;34m‘Úˆ‘Ú…‘Ú…‘Ú…‘Ú…‘Ú…‘Ú…‘Ú…‘Ú…‘Ú…‘Ú…‘Ú˙ [1;32mBackup files (limited 100) [1;90m(T1552.001)
[0m-rw-r--r-- 1 root root 610 Jun 22  2025 /etc/xml/catalog[1;31m.old[0m
-rw-r--r-- 1 root root 673 Jun 22  2025 /etc/xml/xml-core.xml[1;31m.old[0m
-rw-r--r-- 1 root root 9542 Apr 19  2018 /etc/samba/smb.conf[1;31m.bak[0m
-rw-r--r-- 1 root root 317 Oct  6 15:08 /run/blkid/blkid.tab[1;31m.old[0m
-rw-r--r-- 1 root root 159 Jun 22  2025 /var/lib/sgml-base/supercatalog[1;31m.old[0m
-rwxr-xr-x 1 root root 1086 Oct 31  2021 /usr/src/linux-hwe-5.15-headers-5.15.0-139/tools/testing/selftests/net/tcp_fastopen_[1;31mbackup[0m_key.sh
-rw-r--r-- 1 root root 190367 Jul 18  2017 /usr/src/linux-headers-4.4.0-87-generic/.config[1;31m.old[0m
-rw-r--r-- 1 root root 0 Jul 18  2017 /usr/src/linux-headers-4.4.0-87-generic/include/config/net/team/mode/active[1;31mbackup[0m.h
-rw-r--r-- 1 root root 0 Jul 18  2017 /usr/src/linux-headers-4.4.0-87-generic/include/config/wm831x/[1;31mbackup[0m.h
-rw-r--r-- 1 root root 237900 Apr 11  2025 /usr/src/linux-headers-5.4.0-216-generic/.config[1;31m.old[0m
-rw-r--r-- 1 root root 0 Apr 11  2025 /usr/src/linux-headers-5.4.0-216-generic/include/config/net/team/mode/active[1;31mbackup[0m.h
-rw-r--r-- 1 root root 0 Apr 11  2025 /usr/src/linux-headers-5.4.0-216-generic/include/config/wm831x/[1;31mbackup[0m.h
-rwxr-xr-x 1 root root 1086 Nov 24  2019 /usr/src/linux-headers-5.4.0-216/tools/testing/selftests/net/tcp_fastopen_[1;31mbackup[0m_key.sh
-rw-r--r-- 1 root root 190615 Apr  2  2018 /usr/src/linux-headers-4.4.0-119-generic/.config[1;31m.old[0m
-rw-r--r-- 1 root root 0 Apr  2  2018 /usr/src/linux-headers-4.4.0-119-generic/include/config/net/team/mode/active[1;31mbackup[0m.h
-rw-r--r-- 1 root root 0 Apr  2  2018 /usr/src/linux-headers-4.4.0-119-generic/include/config/wm831x/[1;31mbackup[0m.h
-rw-r--r-- 1 root root 191013 Apr 16  2021 /usr/src/linux-headers-4.4.0-210-generic/.config[1;31m.old[0m
-rw-r--r-- 1 root root 0 Apr 16  2021 /usr/src/linux-headers-4.4.0-210-generic/include/config/net/team/mode/active[1;31mbackup[0m.h
-rw-r--r-- 1 root root 0 Apr 16  2021 /usr/src/linux-headers-4.4.0-210-generic/include/config/wm831x/[1;31mbackup[0m.h
-rw-r--r-- 1 root root 217569 Jun 16  2023 /usr/src/linux-headers-4.15.0-213-generic/.config[1;31m.old[0m
-rw-r--r-- 1 root root 0 Jun 16  2023 /usr/src/linux-headers-4.15.0-213-generic/include/config/net/team/mode/active[1;31mbackup[0m.h
-rw-r--r-- 1 root root 0 Jun 16  2023 /usr/src/linux-headers-4.15.0-213-generic/include/config/wm831x/[1;31mbackup[0m.h
-rwxr-xr-x 1 root root 226 Feb 17  2020 /usr/share/byobu/desktop/byobu.desktop[1;31m.old[0m
-rw-r--r-- 1 root root 11755 Jun 22  2025 /usr/share/info/dir[1;31m.old[0m
-rw-r--r-- 1 root root 2756 Feb 13  2020 /usr/share/man/man8/vgcfg[1;31mbackup[0m.8.gz
-rw-r--r-- 1 root root 1663 Feb 23  2023 /usr/share/man/man8/tdb[1;31mbackup[0m.tdbtools.8.gz
-rw-r--r-- 1 root root 392817 Feb  9  2020 /usr/share/doc/manpages/Changes[1;31m.old[0m.gz
-rw-r--r-- 1 root root 7867 Jul 16  1996 /usr/share/doc/telnet/README[1;31m.old[0m.gz
-rw-r--r-- 1 root root 44048 May  6  2025 /usr/lib/x86_64-linux-gnu/open-vm-tools/plugins/vmsvc/libvm[1;31mbackup[0m.so
-rw-r--r-- 1 root root 1398 Jun 22  2025 /usr/lib/python3/dist-packages/sos/report/plugins/__pycache__/ovirt_engine_[1;31mbackup[0m.cpython-38.pyc
-rw-r--r-- 1 root root 1759 Dec 16  2024 /usr/lib/python3/dist-packages/sos/report/plugins/ovirt_engine_[1;31mbackup[0m.py
-rw-r--r-- 1 root root 31950 Jun 22  2025 /usr/lib/python3/dist-packages/samba/netcmd/__pycache__/domain_[1;31mbackup[0m.cpython-38.pyc
-rw-r--r-- 1 root root 55745 Feb  1  2024 /usr/lib/python3/dist-packages/samba/netcmd/domain_[1;31mbackup[0m.py
-rw-r--r-- 1 root root 10255 Aug  9  2021 /usr/lib/python3/dist-packages/samba/tests/domain_[1;31mbackup[0m_offline.py
-rw-r--r-- 1 root root 8134 Jun 22  2025 /usr/lib/python3/dist-packages/samba/tests/__pycache__/domain_[1;31mbackup[0m_offline.cpython-38.pyc
-rw-r--r-- 1 root root 5098 Jun 22  2025 /usr/lib/python3/dist-packages/samba/tests/__pycache__/ntacls_[1;31mbackup[0m.cpython-38.pyc
-rw-r--r-- 1 root root 19838 Jun 22  2025 /usr/lib/python3/dist-packages/samba/tests/__pycache__/domain_[1;31mbackup[0m.cpython-38.pyc
-rw-r--r-- 1 root root 6743 Aug  9  2021 /usr/lib/python3/dist-packages/samba/tests/ntacls_[1;31mbackup[0m.py
-rw-r--r-- 1 root root 27406 Aug  9  2021 /usr/lib/python3/dist-packages/samba/tests/domain_[1;31mbackup[0m.py
-rwxr-xr-x 1 root root 14648 Feb 23  2023 /usr/bin/tdb[1;31mbackup[0m.tdbtools
-rw-r--r-- 1 root root 9073 Apr 11  2025 /lib/modules/5.4.0-216-generic/kernel/drivers/net/team/team_mode_active[1;31mbackup[0m.ko
-rw-r--r-- 1 root root 9833 Apr 11  2025 /lib/modules/5.4.0-216-generic/kernel/drivers/power/supply/wm831x_[1;31mbackup[0m.ko
-rw-r--r-- 1 root root 63321 Apr 16  2025 /lib/modules/5.15.0-139-generic/kernel/drivers/net/team/team_mode_active[1;31mbackup[0m.ko
-rw-r--r-- 1 root root 11185 Apr 16  2025 /lib/modules/5.15.0-139-generic/kernel/drivers/power/supply/wm831x_[1;31mbackup[0m.ko
-rw-r--r-- 1 root root 8881 Jun 16  2023 /lib/modules/4.15.0-213-generic/kernel/drivers/net/team/team_mode_active[1;31mbackup[0m.ko
-rw-r--r-- 1 root root 9081 Jun 16  2023 /lib/modules/4.15.0-213-generic/kernel/drivers/power/supply/wm831x_[1;31mbackup[0m.ko
-rw-r--r-- 1 root root 9078 Apr 16  2021 /lib/modules/4.4.0-210-generic/kernel/drivers/net/team/team_mode_active[1;31mbackup[0m.ko
-rw-r--r-- 1 root root 9038 Apr 16  2021 /lib/modules/4.4.0-210-generic/kernel/drivers/power/wm831x_[1;31mbackup[0m.ko
-rw-r--r-- 1 root root 8710 Jul 18  2017 /lib/modules/4.4.0-87-generic/kernel/drivers/net/team/team_mode_active[1;31mbackup[0m.ko
-rw-r--r-- 1 root root 8990 Jul 18  2017 /lib/modules/4.4.0-87-generic/kernel/drivers/power/wm831x_[1;31mbackup[0m.ko
-rw-r--r-- 1 root root 8710 Apr  2  2018 /lib/modules/4.4.0-119-generic/kernel/drivers/net/team/team_mode_active[1;31mbackup[0m.ko
-rw-r--r-- 1 root root 8990 Apr  2  2018 /lib/modules/4.4.0-119-generic/kernel/drivers/power/wm831x_[1;31mbackup[0m.ko

[1;34m‘Úˆ‘Ú…‘Ú…‘Ú…‘Ú…‘Ú…‘Ú…‘Ú…‘Ú…‘Ú…‘Ú…‘Ú˙ [1;32mSearching tables inside readable .db/.sql/.sqlite files (limit 100) [1;90m(T1005)
[0mFound /var/lib/command-not-found/commands[1;31m.db[0m: SQLite 3.x database, last written using SQLite version 3022000
Found /var/lib/mlocate/mlocate[1;31m.db[0m: regular file, no read permission
Found /var/lib/PackageKit/transactions[1;31m.db[0m: SQLite 3.x database, last written using SQLite version 3031001

[1;32m -> Extracting tables from[0m /var/lib/command-not-found/commands.db [1;90m(limit 20)
[0m[1;32m -> Extracting tables from[0m /var/lib/PackageKit/transactions.db [1;90m(limit 20)
[0m
[1;34m‘Úˆ‘Ú…‘Ú…‘Ú…‘Ú…‘Ú…‘Ú…‘Ú…‘Ú…‘Ú…‘Ú…‘Ú˙ [1;32mWeb files?(output limit) [1;90m(T1005)
[0m/var/www/:
total 12K
drwxr-xr-x  3 root root 4.0K Apr 18  2018 .
drwxr-xr-x 14 root root 4.0K Apr 18  2018 ..
drwxr-xr-x  3 root root 4.0K Apr 23  2018 html

/var/www/html:
total 16K
drwxr-xr-x 3 root     root     4.0K Apr 23  2018 .
drwxr-xr-x 3 root     root     4.0K Apr 18  2018 ..

[1;34m‘Úˆ‘Ú…‘Ú…‘Ú…‘Ú…‘Ú…‘Ú…‘Ú…‘Ú…‘Ú…‘Ú…‘Ú˙ [1;32mAll relevant hidden files (not in /sys/ or the ones listed in the previous check) (limit 70) [1;90m(T1564.001)
[0m-rw-r--r-- 1 root root 0 Apr 18  2018 /etc/.java/.systemPrefs/.system.lock
-rw-r--r-- 1 root root 0 Apr 18  2018 /etc/.java/.systemPrefs/.systemRootModFile
-rw-r--r-- 1 root root 220 Aug 31  2015 /etc/skel/.bash_logout
-rw------- 1 root root 0 Aug  1  2017 /etc/.pwd.lock
-rw------- 1 root root 0 May 26  2025 /snap/core20/2599/etc/.pwd.lock
-rw-r--r-- 1 root root 220 Feb 25  2020 /snap/core20/2599/etc/skel/.bash_logout
-rw------- 1 root root 0 Oct  6 15:09 /run/snapd/lock/.lock
-rw-r--r-- 1 root root 20 Oct  6 15:09 /run/cloud-init/.instance-id
-rw-r--r-- 1 root root 2 Oct  6 15:08 /run/cloud-init/.ds-identify.result
-rw-r--r-- 1 root root 0 Oct  6 15:09 /run/network/.ifstate.lock
-rw-r--r-- 1 landscape landscape 0 Jun 22  2025 /var/lib/landscape/.cleanup.user
-rw-r--r-- 1 root root 2613 Apr 16  2025 /usr/lib/jvm/.java-1.8.0-openjdk-amd64.jinfo
-rw-r--r-- 1 root root 2047 Apr 17  2025 /usr/lib/jvm/.java-1.11.0-openjdk-amd64.jinfo
-rw-r--r-- 1 kay kay 220 Apr 17  2018 /home/kay/.bash_logout
-rw-r--r-- 1 ubuntu ubuntu 220 Aug 31  2015 /home/ubuntu/.bash_logout

[1;34m‘Úˆ‘Ú…‘Ú…‘Ú…‘Ú…‘Ú…‘Ú…‘Ú…‘Ú…‘Ú…‘Ú…‘Ú˙ [1;32mReadable files inside /tmp, /var/tmp, /private/tmp, /private/var/at/tmp, /private/var/tmp, and backup folders (limit 70) [1;90m(T1552.001)
[0m-rw-rw-r-- 1 jan jan 0 Oct  6 16:20 /tmp/linpeas_host_checker_1807.err
-rwxrwxr-x 1 jan jan 1303991 Oct  6 15:58 /tmp/linpeas.sh
-rw-rw-r-- 1 jan jan 251234 Oct  6 16:27 /tmp/linpeas_output.txt
-rw-rw-r-- 1 jan jan 0 Oct  6 16:20 /tmp/linpeas_host_checker_1807.json

[1;34m‘Úˆ‘Ú…‘Ú…‘Ú…‘Ú…‘Ú…‘Ú…‘Ú…‘Ú…‘Ú…‘Ú…‘Ú˙ [1;32mSearching passwords in history files [1;90m(T1552.001)
[0m
[1;34m‘Úˆ‘Ú…‘Ú…‘Ú…‘Ú…‘Ú…‘Ú…‘Ú…‘Ú…‘Ú…‘Ú…‘Ú˙ [1;32mSearching *password* or *credential* files in home (limit 70) [1;90m(T1552.001)
[0m/bin/systemd-ask-[1;31mpassword[0m
/bin/systemd-tty-ask-[1;31mpassword[0m-agent
/etc/java-8-openjdk/management/jmxremote.[1;31mpassword[0m
/etc/pam.d/common-[1;31mpassword[0m
/usr/lib/git-core/git-[1;31mcredential[0m
/usr/lib/git-core/git-[1;31mcredential[0m-cache
/usr/lib/git-core/git-[1;31mcredential[0m-cache--daemon
/usr/lib/git-core/git-[1;31mcredential[0m-store
  #)[3mThere are more creds/passwds files in the previous parent folder[0m

/usr/lib/grub/i386-pc/[1;31mpassword[0m.mod
/usr/lib/grub/i386-pc/[1;31mpassword[0m_pbkdf2.mod
/usr/lib/jvm/java-8-openjdk-amd64/jre/lib/management/jmxremote.[1;31mpassword[0m
/usr/lib/python3/dist-packages/cloudinit/config/cc_set_[1;31mpassword[0ms.py
/usr/lib/python3/dist-packages/cloudinit/config/__pycache__/cc_set_[1;31mpassword[0ms.cpython-38.pyc
/usr/lib/python3/dist-packages/keyring/[1;31mcredential[0ms.py
/usr/lib/python3/dist-packages/keyring/__pycache__/[1;31mcredential[0ms.cpython-38.pyc
/usr/lib/python3/dist-packages/launchpadlib/[1;31mcredential[0ms.py
/usr/lib/python3/dist-packages/launchpadlib/__pycache__/[1;31mcredential[0ms.cpython-38.pyc
/usr/lib/python3/dist-packages/launchpadlib/tests/__pycache__/test_[1;31mcredential[0m_store.cpython-38.pyc
/usr/lib/python3/dist-packages/launchpadlib/tests/test_[1;31mcredential[0m_store.py
/usr/lib/python3/dist-packages/oauthlib/oauth2/rfc6749/grant_types/client_[1;31mcredential[0ms.py
/usr/lib/python3/dist-packages/oauthlib/oauth2/rfc6749/grant_types/__pycache__/client_[1;31mcredential[0ms.cpython-38.pyc
/usr/lib/python3/dist-packages/oauthlib/oauth2/rfc6749/grant_types/__pycache__/resource_owner_[1;31mpassword[0m_credentials.cpython-38.pyc
/usr/lib/python3/dist-packages/oauthlib/oauth2/rfc6749/grant_types/resource_owner_[1;31mpassword[0m_credentials.py
/usr/lib/python3/dist-packages/samba/[1;31mcredential[0ms.cpython-38-x86_64-linux-gnu.so
/usr/lib/python3/dist-packages/samba/tests/[1;31mcredential[0ms.py
/usr/lib/python3/dist-packages/samba/tests/dcerpc/__pycache__/samr_change_[1;31mpassword[0m.cpython-38.pyc
/usr/lib/python3/dist-packages/samba/tests/dcerpc/samr_change_[1;31mpassword[0m.py
/usr/lib/python3/dist-packages/samba/tests/krb5_[1;31mcredential[0ms.py
/usr/lib/python3/dist-packages/samba/tests/[1;31mpassword[0m_hash_fl2003.py
/usr/lib/python3/dist-packages/samba/tests/[1;31mpassword[0m_hash_fl2008.py
/usr/lib/python3/dist-packages/samba/tests/[1;31mpassword[0m_hash_gpgme.py
  #)[3mThere are more creds/passwds files in the previous parent folder[0m

/usr/lib/python3/dist-packages/samba/tests/__pycache__/krb5_[1;31mcredential[0ms.cpython-38.pyc
/usr/lib/python3/dist-packages/samba/tests/__pycache__/[1;31mpassword[0m_hash.cpython-38.pyc
/usr/lib/python3/dist-packages/samba/tests/__pycache__/[1;31mpassword[0m_hash_fl2003.cpython-38.pyc
  #)[3mThere are more creds/passwds files in the previous parent folder[0m

/usr/lib/python3/dist-packages/samba/tests/samba_tool/[1;31mpassword[0msettings.py
/usr/lib/python3/dist-packages/samba/tests/samba_tool/provision_[1;31mpassword[0m_check.py
/usr/lib/python3/dist-packages/samba/tests/samba_tool/__pycache__/[1;31mpassword[0msettings.cpython-38.pyc

[1;34m‘Úˆ‘Ú…‘Ú…‘Ú…‘Ú…‘Ú…‘Ú…‘Ú…‘Ú…‘Ú…‘Ú…‘Ú˙ [1;32mChecking for TTY (sudo/su) passwords in audit logs [1;90m(T1552.001)
[0m
[1;34m‘Úˆ‘Ú…‘Ú…‘Ú…‘Ú…‘Ú…‘Ú…‘Ú…‘Ú…‘Ú…‘Ú…‘Ú˙ [1;32mChecking for TTY (sudo/su) passwords in audit logs [1;90m(T1083)
[0m
[1;34m‘Úˆ‘Ú…‘Ú…‘Ú…‘Ú…‘Ú…‘Ú…‘Ú…‘Ú…‘Ú…‘Ú…‘Ú˙ [1;32mSearching passwords inside logs (limit 70) [1;90m(T1552.001)
[0mBinary file /var/log/journal/a59c744e2166cb4a90376b2f5ad6279f/user-1001.journal matches
/var/log/bootstrap.log: base-[1;31mpassw[0md depends on libc6 (>= 2.8); however:
/var/log/bootstrap.log: base-[1;31mpassw[0md depends on libdebconfclient0 (>= 0.145); however:
/var/log/bootstrap.log:dpkg: base-[1;31mpassw[0md: dependency problems, but configuring anyway as you requested:
/var/log/bootstrap.log:Preparing to unpack .../base-[1;31mpassw[0md_3.5.39_amd64.deb ...
/var/log/bootstrap.log:Preparing to unpack .../[1;31mpassw[0md_1%3a4.2-3.1ubuntu5_amd64.deb ...
/var/log/bootstrap.log:Selecting previously unselected package base-[1;31mpassw[0md.
/var/log/bootstrap.log:Selecting previously unselected package [1;31mpassw[0md.
/var/log/bootstrap.log:Setting up base-[1;31mpassw[0md (3.5.39) ...
/var/log/bootstrap.log:Setting up [1;31mpassw[0md (1:4.2-3.1ubuntu5) ...
/var/log/bootstrap.log:Shadow [1;31mpassw[0mords are now on.
/var/log/bootstrap.log:Unpacking base-[1;31mpassw[0md (3.5.39) ...
/var/log/bootstrap.log:Unpacking base-[1;31mpassw[0md (3.5.39) over (3.5.39) ...
/var/log/bootstrap.log:Unpacking [1;31mpassw[0md (1:4.2-3.1ubuntu5) ...
/var/log/dist-upgrade/screenlog.0:Preparing to unpack .../base-[1;31mpassw[0md_3.5.44_amd64.deb ...
/var/log/dist-upgrade/screenlog.0:Preparing to unpack .../base-[1;31mpassw[0md_3.5.47_amd64.deb ...
/var/log/dist-upgrade/screenlog.0:Preparing to unpack .../[1;31mpassw[0md_1%3a4.5-1ubuntu2.5_amd64.deb ...
/var/log/dist-upgrade/screenlog.0:Preparing to unpack .../[1;31mpassw[0md_1%3a4.8.1-1ubuntu5.20.04.5_amd64.deb ...
/var/log/dist-upgrade/screenlog.0:Removing obsolete conffile /etc/cron.daily/[1;31mpassw[0md ...
/var/log/dist-upgrade/screenlog.0:Removing obsolete conffile /etc/init/[1;31mpassw[0md.conf ...
/var/log/dist-upgrade/screenlog.0:Setting up base-[1;31mpassw[0md (3.5.44) ...
/var/log/dist-upgrade/screenlog.0:Setting up base-[1;31mpassw[0md (3.5.47) ...
/var/log/dist-upgrade/screenlog.0:Setting up [1;31mpassw[0md (1:4.5-1ubuntu2.5) ...
/var/log/dist-upgrade/screenlog.0:Setting up [1;31mpassw[0md (1:4.8.1-1ubuntu5.20.04.5) ...
/var/log/dist-upgrade/screenlog.0:Unpacking base-[1;31mpassw[0md (3.5.44) over (3.5.39) ...
/var/log/dist-upgrade/screenlog.0:Unpacking base-[1;31mpassw[0md (3.5.47) over (3.5.44) ...
/var/log/dist-upgrade/screenlog.0:Unpacking [1;31mpassw[0md (1:4.5-1ubuntu2.5) over (1:4.2-3.1ubuntu5.4) ...
/var/log/dist-upgrade/screenlog.0:Unpacking [1;31mpassw[0md (1:4.8.1-1ubuntu5.20.04.5) over (1:4.5-1ubuntu2.5) ...
/var/log/dpkg.log:2017-08-01 11:16:21 configure base-[1;31mpassw[0md:amd64 3.5.39 3.5.39
/var/log/dpkg.log:2017-08-01 11:16:21 install base-[1;31mpassw[0md:amd64 <none> 3.5.39
/var/log/dpkg.log:2017-08-01 11:16:21 status half-configured base-[1;31mpassw[0md:amd64 3.5.39
/var/log/dpkg.log:2017-08-01 11:16:21 status half-installed base-[1;31mpassw[0md:amd64 3.5.39
/var/log/dpkg.log:2017-08-01 11:16:21 status installed base-[1;31mpassw[0md:amd64 3.5.39
/var/log/dpkg.log:2017-08-01 11:16:21 status unpacked base-[1;31mpassw[0md:amd64 3.5.39
/var/log/dpkg.log:2017-08-01 11:16:23 status half-configured base-[1;31mpassw[0md:amd64 3.5.39
/var/log/dpkg.log:2017-08-01 11:16:23 status half-installed base-[1;31mpassw[0md:amd64 3.5.39
/var/log/dpkg.log:2017-08-01 11:16:23 status unpacked base-[1;31mpassw[0md:amd64 3.5.39
/var/log/dpkg.log:2017-08-01 11:16:23 upgrade base-[1;31mpassw[0md:amd64 3.5.39 3.5.39
/var/log/dpkg.log:2017-08-01 11:16:28 install [1;31mpassw[0md:amd64 <none> 1:4.2-3.1ubuntu5
/var/log/dpkg.log:2017-08-01 11:16:28 status half-installed [1;31mpassw[0md:amd64 1:4.2-3.1ubuntu5
/var/log/dpkg.log:2017-08-01 11:16:28 status unpacked [1;31mpassw[0md:amd64 1:4.2-3.1ubuntu5
/var/log/dpkg.log:2017-08-01 11:16:31 configure base-[1;31mpassw[0md:amd64 3.5.39 <none>
/var/log/dpkg.log:2017-08-01 11:16:31 status half-configured base-[1;31mpassw[0md:amd64 3.5.39
/var/log/dpkg.log:2017-08-01 11:16:31 status installed base-[1;31mpassw[0md:amd64 3.5.39
/var/log/dpkg.log:2017-08-01 11:16:31 status unpacked base-[1;31mpassw[0md:amd64 3.5.39
/var/log/dpkg.log:2017-08-01 11:16:37 configure [1;31mpassw[0md:amd64 1:4.2-3.1ubuntu5 <none>
/var/log/dpkg.log:2017-08-01 11:16:37 status half-configured [1;31mpassw[0md:amd64 1:4.2-3.1ubuntu5
/var/log/dpkg.log:2017-08-01 11:16:37 status installed [1;31mpassw[0md:amd64 1:4.2-3.1ubuntu5
/var/log/dpkg.log:2017-08-01 11:16:37 status unpacked [1;31mpassw[0md:amd64 1:4.2-3.1ubuntu5
/var/log/dpkg.log:2017-08-01 11:17:35 status half-configured [1;31mpassw[0md:amd64 1:4.2-3.1ubuntu5
/var/log/dpkg.log:2017-08-01 11:17:35 status half-installed [1;31mpassw[0md:amd64 1:4.2-3.1ubuntu5
/var/log/dpkg.log:2017-08-01 11:17:35 status unpacked [1;31mpassw[0md:amd64 1:4.2-3.1ubuntu5
/var/log/dpkg.log:2017-08-01 11:17:35 status unpacked [1;31mpassw[0md:amd64 1:4.2-3.1ubuntu5.3
/var/log/dpkg.log:2017-08-01 11:17:35 upgrade [1;31mpassw[0md:amd64 1:4.2-3.1ubuntu5 1:4.2-3.1ubuntu5.3
/var/log/dpkg.log:2017-08-01 11:17:36 configure [1;31mpassw[0md:amd64 1:4.2-3.1ubuntu5.3 <none>
/var/log/dpkg.log:2017-08-01 11:17:36 status half-configured [1;31mpassw[0md:amd64 1:4.2-3.1ubuntu5.3
/var/log/dpkg.log:2017-08-01 11:17:36 status installed [1;31mpassw[0md:amd64 1:4.2-3.1ubuntu5.3
/var/log/dpkg.log:2017-08-01 11:17:36 status unpacked [1;31mpassw[0md:amd64 1:4.2-3.1ubuntu5.3
/var/log/dpkg.log:2025-06-22 13:43:23 status half-configured [1;31mpassw[0md:amd64 1:4.2-3.1ubuntu5.3
/var/log/dpkg.log:2025-06-22 13:43:23 status half-installed [1;31mpassw[0md:amd64 1:4.2-3.1ubuntu5.3
/var/log/dpkg.log:2025-06-22 13:43:23 status unpacked [1;31mpassw[0md:amd64 1:4.2-3.1ubuntu5.3
/var/log/dpkg.log:2025-06-22 13:43:23 status unpacked [1;31mpassw[0md:amd64 1:4.2-3.1ubuntu5.4
/var/log/dpkg.log:2025-06-22 13:43:23 upgrade [1;31mpassw[0md:amd64 1:4.2-3.1ubuntu5.3 1:4.2-3.1ubuntu5.4
/var/log/dpkg.log:2025-06-22 13:43:24 configure [1;31mpassw[0md:amd64 1:4.2-3.1ubuntu5.4 <none>
/var/log/dpkg.log:2025-06-22 13:43:24 status half-configured [1;31mpassw[0md:amd64 1:4.2-3.1ubuntu5.4
/var/log/dpkg.log:2025-06-22 13:43:24 status installed [1;31mpassw[0md:amd64 1:4.2-3.1ubuntu5.4
/var/log/dpkg.log:2025-06-22 13:43:24 status unpacked [1;31mpassw[0md:amd64 1:4.2-3.1ubuntu5.4
/var/log/dpkg.log:2025-06-22 13:52:18 status half-configured [1;31mpassw[0md:amd64 1:4.2-3.1ubuntu5.4
/var/log/dpkg.log:2025-06-22 13:52:18 status half-installed [1;31mpassw[0md:amd64 1:4.2-3.1ubuntu5.4
/var/log/dpkg.log:2025-06-22 13:52:18 status unpacked [1;31mpassw[0md:amd64 1:4.2-3.1ubuntu5.4

[1;34m‘Úˆ‘Ú…‘Ú…‘Ú…‘Ú…‘Ú…‘Ú…‘Ú…‘Ú…‘Ú…‘Ú…‘Ú˙ [1;32mChecking all env variables in /proc/*/environ removing duplicates and filtering out useless env vars [1;90m(T1552.007,T1082)
[0m_=
_=/bin/dd
_=/bin/grep
HOME=/home/jan
LANG=en_US.UTF-8
_=./linpeas.sh
LISTEN_FDNAMES=dbus.socket
LISTEN_FDS=1
LOGNAME=jan
MANAGERPID=1584
MOTD_SHOWN=pam
NOTIFY_SOCKET=/run/systemd/notify
OLDPWD=/home/jan
PWD=/tmp
QT_ACCESSIBILITY=1
SHELL=/bin/bash
SHLVL=0
SSH_CLIENT=192.168.147.231 57274 22
SSH_CONNECTION=192.168.147.231 57274 10.65.134.114 22
SSH_TTY=/dev/pts/0
TERM=xterm-256color
USER=jan
_=/usr/bin/tee
_=/usr/bin/xxd
XDG_DATA_DIRS=/usr/local/share/:/usr/share/:/var/lib/snapd/desktop
XDG_DATA_DIRS=/usr/local/share:/usr/share:/var/lib/snapd/desktop
XDG_RUNTIME_DIR=/run/user/1001


[1;34m                                ‘Úˆ‘Ú…‘Ú…‘Ú…‘Ú…‘Ú…‘Ú…‘Ú…‘Ú…‘Ú…‘Ú…‘Ú…‘Ú…‘Ú…‘Ú…‘Ú…‘Ú…‘Ú˘
‘Ú…‘Ú…‘Ú…‘Ú…‘Ú…‘Ú…‘Ú…‘Ú…‘Ú…‘Ú…‘Ú…‘Ú…‘Ú…‘Ú…‘Ú…‘Ú…‘Ú…‘Ú…‘Ú…‘Ú…‘Ú…‘Ú…‘Ú…‘Ú…‘Ú…‘Ú…‘Ú…‘Ú…‘Ú…‘Ú…‘Ú…‘Ú…‘Ú˙ [1;32mAPI Keys Regex[1;34m ‘Ú·‘Ú…‘Ú…‘Ú…‘Ú…‘Ú…‘Ú…‘Ú…‘Ú…‘Ú…‘Ú…‘Ú…‘Ú…‘Ú…‘Ú…‘Ú…‘Ú…‘Ú…‘Ú…‘Ú…‘Ú…‘Ú…‘Ú…‘Ú…‘Ú…‘Ú…‘Ú…‘Ú…‘Ú…‘Ú…‘Ú…‘Ú…‘Ú…
[1;34m                                ‘Ú‹‘Ú…‘Ú…‘Ú…‘Ú…‘Ú…‘Ú…‘Ú…‘Ú…‘Ú…‘Ú…‘Ú…‘Ú…‘Ú…‘Ú…‘Ú…‘Ú…‘Úÿ[0m
Regexes to search for API keys aren't activated, use param '-r' 


